19,210,7,0
BRICKFACE,CEMENT,FOLIAGE,GRASS,PATH,SKY,WINDOW,
2,0,0.896414342629482,0.41422594142259417,0,0.0,0.0,0.01307189568627451,0.00015512989261363597,0.011180122858377462,0.00015228064156767382,0.011618899972700233,0.0008116882969830496,0.029455082478239452,0.0031176928490197083,0.8065843584285931,0.20351758205916531,0.5127118477466964,0.029455082478239452,0.9777778,0.06949126694030619
1,1,0.5577689243027888,0.02510460251046025,0,1.0,1.0,0.14596951372549022,0.007764974963193487,0.11180123529184874,0.0016727657471255746,0.31087014596034535,0.2946428742317948,0.3578792315325535,0.276695226759307,0.6563785835124212,0.4283919373705847,0.28813556898161463,0.3578792315325535,0.26818594,0.09283049594367436
6,2,0.3545816733067729,0.5146443514644351,0,0.0,0.0,0.015250543921568627,3.231875104276397e-05,0.0211180092224839,0.0001095355273480498,0.014717274507119276,0.007305194745899393,0.030927837032931976,0.004676539448899782,0.8312757150358174,0.19597989571917382,0.4999999809322035,0.030927837032931976,0.88148147,0.09596334863506713
2,3,0.3705179282868526,0.5564853556485355,0,0.0,0.0,0.01742919294117647,0.00020683985798165575,0.011180122858377462,0.00012022158950413798,0.008004131773946764,0.0,0.022827687313492728,0.0,0.8292181019852154,0.18718592926472816,0.516949137320454,0.022827687313492728,1.0,0.08090525126305136
5,4,0.17131474103585656,0.28451882845188287,0,0.0,0.0,0.017429177647058824,0.0006008150487507426,0.01739132165271294,0.00029119086577704634,0.751097358670716,0.6858765894003523,0.8387334547957773,0.7209664779121908,0.12345672748056431,0.7474874030248615,0.29872879768295757,0.8387334547957773,0.2580791,0.028352201028010005
2,5,0.1593625498007968,0.26778242677824265,0,0.0,0.5,0.603485843137255,0.03339681889798959,0.5950310611781949,0.022875944616906292,0.3834237144360563,0.3465908957257232,0.43372603509774643,0.3655494741839602,0.4732510201569879,0.4635678371079645,0.4173728599854569,0.43372603509774643,0.29780185,0.032283143981180124
0,6,0.47410358565737054,0.5230125523012552,0,0.0,0.0,0.023965143529411766,0.0007304037163235231,0.022360249294394455,0.00032059080916711563,0.04363542427995118,0.05681818078881347,0.047864506790393904,0.026500388339816418,0.9773662508878218,0.1419597976569405,0.4406779459673946,0.05301914541223015,0.52954143,0.2976981460061507
0,7,0.099601593625498,0.23430962343096234,0,1.0,0.0,0.0392156862745098,0.00155130171847502,0.05465838741252252,0.0022975673454760964,0.139426805249475,0.1428571376391466,0.17157585293390387,0.10210443563197392,0.8683127517985061,0.3090452134321106,0.27118641450014386,0.17157585293390387,0.43693919999999997,0.16822982508750328
6,8,0.5617529880478087,0.41841004184100417,0,0.0,0.0,0.04357299215686275,0.0007948040685770452,0.012422354656996603,0.00024832840569180824,0.20036147793528983,0.17938311136864357,0.2378497846991916,0.18082619155647103,0.6604938244284407,0.3517587938562157,0.4131355761320384,0.2378497846991916,0.31548372,0.06083957486904496
5,9,0.26294820717131473,0.08786610878661087,0,0.0,0.0,0.03703701960784314,0.001854884428593269,0.03975156871108269,0.0009456062095496511,0.8799380443048194,0.8409091124926207,0.9425626366527051,0.8511301558494107,0.2757201598917846,0.6520100351806145,0.30296608153637616,0.9425626366527051,0.19062504,0.036547192878182255
6,0,0.21115537848605578,0.5104602510460251,0,0.0,0.0,0.06100218431372549,0.0017581391436316178,0.011180124870799696,0.00024845779775828136,0.03743867939391726,0.026785714311804265,0.05964653858875892,0.024162118966106965,0.798353904374333,0.23241205861120937,0.47245761300362693,0.05964653858875892,0.6304714,0.08950345809152307
4,1,0.749003984063745,0.7364016736401674,0,0.0,0.0,0.04793030196078431,0.0017516644083627752,0.0683229714085111,0.00172326984095841,0.3382391119516379,0.32224024900779014,0.39690722093588204,0.29150428787204086,0.6481481387174207,0.4949748512758522,0.18432200016608047,0.39690722093588204,0.30575457,0.10813411393123962
3,2,0.11155378486055777,0.7698744769874477,0,0.0,0.0,0.017429189411764707,0.0007045184228033544,0.013664590033255276,0.0004908023289129307,0.11179964172888122,0.10551948372143277,0.08836524014458584,0.1426344507362603,0.8045267435261391,0.017587944215423732,0.8283898132585824,0.13475699900768043,0.34230694,0.8291491756239466
3,3,0.24302788844621515,0.8870292887029289,0,0.0,0.0,0.09803921568627451,0.009986490316518569,0.037267076939933114,0.0017632494504191362,0.04647560058793495,0.03571428623608534,0.030927837032931976,0.07326578493325689,0.7942386727175731,0.041457289003118535,0.7987287881490593,0.06921944352563002,0.5931498000000001,0.8483393323229206
6,4,0.9641434262948207,0.3472803347280335,0,0.0,0.0,0.02614378823529412,0.0005429547550386007,0.0049689435174569245,2.1372723736901743e-05,0.008262329303248004,0.0016233765939660991,0.021354934084278833,0.000779423194717905,0.8395061690900776,0.1783919571570163,0.5211864230806523,0.021354934084278833,0.9777778,0.0851962281079999
1,5,0.6454183266932271,0.2384937238493724,0,0.0,0.0,0.07189545098039216,0.0038588549596472155,0.0347826142371047,0.0006946134222665151,0.39581722372787687,0.37987012678676846,0.45213547531564446,0.35151985653874174,0.6275720082114004,0.49748741150476067,0.2012711737153477,0.45213547531564446,0.26505277,0.10130736947881851
1,6,0.16334661354581673,0.19246861924686193,0,0.0,0.0,0.05446629803921569,0.0017026765613187098,0.022360219108060925,0.00026339225199902016,0.45804288406019783,0.434253232676516,0.5265095395691491,0.4084177425278957,0.5452674491502801,0.5753768464401161,0.1546609941243538,0.5265095395691491,0.26677614,0.09270914411769161
5,7,0.4900398406374502,0.07531380753138076,0,0.0,0.0,0.03921573725490196,0.0012410332769979009,0.023602434807302185,0.0006545462939105661,0.8954298960628937,0.8709415351384615,0.9469808545877698,0.8643803159974959,0.3806584236206366,0.5992462025343434,0.28389828512819604,0.9469808545877698,0.16561614,0.04815197088579174
4,8,0.5976095617529881,0.6359832635983264,0,0.0,0.0,0.08061002352941177,0.00398813378234139,0.4062111399868857,0.030287852264815604,0.27885361049895,0.252435073438027,0.3181148724733809,0.26266560911408854,0.5905349510783405,0.3806532591017274,0.43644066592753533,0.318851242129225,0.26384650000000004,0.0024945324497431883
2,9,0.23107569721115537,0.4560669456066946,0,0.0,0.0,0.08496732156862745,0.0034661010086625326,0.03229812693800454,0.0013487694697623045,0.13297186004560374,0.07711038492605207,0.21944034448129346,0.0950896268093647,0.4197530734339272,0.5854271099688146,0.2669491497145217,0.21944034448129346,0.6812664,0.05554042158343413
0,0,0.3147410358565737,0.3514644351464435,0,0.0,0.0,0.047930286274509806,0.0017581400162374494,0.02111800117279496,0.0003980666352551761,0.14923832530560266,0.1558441594493169,0.17673048028917168,0.11379579302273442,0.88888888563786,0.2876884401798566,0.28601694612270184,0.17673048028917168,0.39043593,0.1785849276250704
2,1,0.3147410358565737,0.3179916317991632,0,0.0,0.5,0.9564270980392158,1.0,1.0,1.0,0.4701781400519951,0.4293831296316305,0.5235640609457727,0.45284491183647974,0.4115226101204075,0.5012562857677204,0.4173728599854569,0.5235640609457727,0.30628127,0.02016780985658885
5,2,0.3147410358565737,0.12133891213389121,0,0.0,0.0,0.02396512549019608,0.00100198238592773,0.01614907576713815,0.0005570123604119427,0.7717531958715166,0.7029220559827755,0.8549337197722112,0.7498050935368639,0.08847735562033182,0.7298994927290348,0.36440675461433514,0.8549337197722112,0.2540513,0.017839144670520786
3,3,0.2350597609561753,0.7112970711297071,0,1.0,0.0,0.06535947450980392,0.002094254867918891,0.05962732623432756,0.0015067759519167597,0.13684482995646258,0.12499999086850656,0.11855670752167373,0.16757599633434148,0.7530864154092362,0.0502512577188707,0.8262711713318731,0.15832106658084633,0.28569087,0.8747571874686855
1,4,0.44223107569721115,0.3305439330543933,0,0.0,0.0,0.2897603921568627,0.012121464811995329,0.02857141611357664,0.0006346358065602312,0.4544281395640013,0.4212662400871247,0.5287187148106133,0.4076383271196156,0.47530863135573803,0.6042713682182895,0.17796611252154543,0.5287187148106133,0.27834544,0.07823325010750325
5,5,0.7450199203187251,0.1297071129707113,0,0.0,0.0,0.03050112156862745,0.0009499708898694652,0.03726710600825428,0.0009124153916688763,0.7593597214363974,0.6988636112105227,0.8365242795543131,0.7357754758916454,0.15637852517908532,0.6959798957191738,0.35169490305407936,0.8365242795543131,0.24193405,0.02234343237635214
2,6,0.2908366533864542,0.49372384937238495,0,0.0,0.0,0.008714596862745097,5.170998805577138e-05,0.002484471870529697,2.1372726622219314e-05,0.0036147688958874952,0.0,0.010309278569151117,0.0,0.864197525697302,0.14447236240846187,0.5529660843965456,0.010309278569151117,1.0,0.08090525126305136
0,7,0.3745019920318725,0.19246861924686193,0,0.0,0.0,0.07189540000000001,0.005953110002087273,0.047204956819567906,0.0012396171847206276,0.18332043403006765,0.1801947988620552,0.2282768930171068,0.13873733862081564,0.8024691267718331,0.38567839086607664,0.20974576048998134,0.2282768930171068,0.42569095,0.14676619344952554
4,8,1.0,0.7949790794979079,0,0.0,0.0,0.1808278705882353,0.00959013878621227,0.12422358905443545,0.004180301475291728,0.2809191837620197,0.2613636504759444,0.32474226564990966,0.25331253302221246,0.6419753051211704,0.40452259258288986,0.3432203353472422,0.32474226564990966,0.2753682,0.06581403603626607
2,9,0.5537848605577689,0.4769874476987448,0,0.0,0.0,0.026143787058823528,0.00038782489732919786,0.05962732623432756,0.002725022382851058,0.02736896599129252,0.011363636596074379,0.05154639085753762,0.017147310143497733,0.7613168657597924,0.23994973929793467,0.497881335191935,0.05154639085753762,0.85319865,0.05498814845968894
6,0,0.6215139442231076,0.30962343096234307,0,0.0,0.0,0.047930286274509806,0.0021662713762250515,0.004968946200686571,0.00012416433268519483,0.13193906992839877,0.10633116390964963,0.17820324611043267,0.10756039960840529,0.6502057499161707,0.3793969902938055,0.37711862524238743,0.17820324611043267,0.45902446,0.06857782943281791
6,1,0.6334661354581673,0.41422594142259417,0,0.0,0.0,0.03267972549019608,0.0012063156068694324,0.009937870935535966,0.0001963209027119966,0.22050091310614758,0.19886362582091213,0.26067748261651336,0.19875292131713418,0.6481481387174207,0.370602995573029,0.39406777972385826,0.26067748261651336,0.3074441,0.06369834812328783
4,2,0.7848605577689243,0.7196652719665272,0,0.0,0.0,0.04139430196078431,0.0020622288377378983,0.07577637516916924,0.0011522880712604195,0.37671057170288375,0.3571428623608534,0.44108986420405105,0.327357754408176,0.6069958591868606,0.533919602663127,0.16101695804007457,0.44108986420405105,0.2986217,0.10303996887700018
4,3,0.30278884462151395,0.7280334728033473,0,0.0,0.0,0.11546843137254902,0.013373484719973808,0.1391304077558753,0.023168034691904347,0.22695586528135914,0.21347401531271093,0.2628866048388321,0.2018706180242987,0.7078189190367317,0.3505025137417615,0.3665254156088409,0.2628866048388321,0.27036038,0.0825960965891593
1,4,0.46613545816733065,0.4811715481171548,0,0.0,0.0,0.026143792156862744,0.0006980842113493208,0.04099379223641042,0.00153082139509144,0.1432997681889936,0.11769479612260716,0.18998526664222923,0.11847233457607685,0.6460905275186707,0.38442211075162236,0.3728813413889688,0.18998526664222923,0.43707799999999997,0.0689684607382642
4,5,0.9920318725099602,0.6903765690376569,0,0.0,0.5,0.06318086274509804,0.0018548805891276106,0.07701861881871933,0.0012228763557746603,0.3741286033812117,0.3441558332454883,0.44845362703642394,0.32424003665658496,0.5288065780787987,0.5841708411608928,0.15677963605106313,0.44845362703642394,0.3181372,0.08871433763484285
0,6,0.15139442231075698,0.41841004184100417,0,0.0,0.0,0.028322441960784317,0.0006528385867694805,0.01987577541144252,0.000309904386346331,0.04208623910414375,0.05113636322129575,0.050810013248821694,0.024162118966106965,0.9465020551287912,0.16457286459148754,0.4343220201872667,0.05228276912899286,0.56291884,0.2511504284685008
1,7,0.05179282868525897,0.5648535564853556,0,1.0,0.0,0.03485839215686274,0.0008273591247693704,0.024844720941321678,0.000534318039322839,0.07384456309355734,0.05844155796719514,0.10382916197474845,0.056897900018771624,0.7489711856043282,0.28140702830105313,0.4406779459673946,0.10382916197474845,0.48786426,0.07821512517075756
3,8,0.1394422310756972,0.9707112970711297,0,1.0,0.0,0.07407407843137255,0.0032318724864589025,0.04472049411673949,0.0005129448330165736,0.0929512011758699,0.07224025996558231,0.08026509440158251,0.1262665588069662,0.7016460854404813,0.06783919741168147,0.8495762515934718,0.11929307717751785,0.4522286,0.9079631094155544
1,9,0.7848605577689243,0.48535564853556484,0,0.0,0.0,0.09586056470588236,0.007653079495787409,0.1913043235214706,0.042948493041912415,0.28401756108497483,0.27759740034417696,0.3195876117850691,0.2525331176139324,0.740740735253772,0.36306532619283605,0.3114406683110098,0.3195876117850691,0.24899939,0.11538477433777308
0,0,0.545816733067729,0.5104602510460251,0,0.0,0.0,0.026143792156862744,0.0007756494281639466,0.026086953410748237,0.00015228051894167706,0.044926416806395565,0.05681818078881347,0.05228276912899286,0.02572096591672748,0.9670781893385154,0.15829145836595032,0.42372880483338127,0.054491897978704726,0.5582011,0.2693333724248806
3,1,0.6454183266932271,0.6485355648535565,0,0.0,0.0,0.06971676862745098,0.0019132704847709342,0.054658394120596636,0.0007587316922993471,0.11825458693275252,0.0900973994310276,0.10824742630156535,0.15588463192877217,0.6358024530064008,0.08793970072536039,0.8834745605564135,0.1472753958227143,0.4462137,0.9353015556736992
5,2,0.5657370517928287,0.05439330543933055,0,0.0,0.0,0.0501089137254902,0.0015836148359745367,0.019875756628834992,0.0008228557113274394,0.8897495783036277,0.8595778956203092,0.9388807220995528,0.8667186323704246,0.3395061255715571,0.5854271099688146,0.34957626112737,0.9388807220995528,0.16939692,0.03367351936919139
4,3,0.3386454183266932,0.7782426778242678,0,1.0,0.5,0.06318086274509804,0.00253350754036151,0.028571445181897814,0.0007962500537390398,0.44074360776897314,0.41071426614679973,0.5154639284575558,0.3904910338116591,0.5041152066567588,0.603015076797303,0.15042372933873166,0.5154639284575558,0.28533262,0.08579327612660977
2,4,0.4063745019920319,0.4769874476987448,0,0.0,0.0,0.037037039215686275,0.0014446149225370351,0.018633541376798672,0.00049859340768412,0.012393493954872008,0.0032467532609841455,0.02577319509739915,0.007014808822609233,0.8189300348803533,0.18090452303919088,0.538135577562123,0.02577319509739915,0.9238095,0.054372697514505866
3,5,0.7370517928286853,0.8661087866108786,0,0.0,0.0,0.04575163137254903,0.0012992127873752786,0.02608695117472353,0.00047287114056315056,0.09553318344022257,0.07792207972465845,0.08394698244516213,0.12470772097559717,0.7242798271452519,0.07412060363721873,0.8156779426305303,0.11782033123843645,0.40134683,0.9106268079415911
4,6,0.848605577689243,0.6276150627615062,0,0.0,0.0,0.14596950196078431,0.001273365015905859,0.2571428411712521,0.013649163560862746,0.2819519738792246,0.25811690050229785,0.32916053660411976,0.25487140592762564,0.6090534889041301,0.42211053679831356,0.34745761920066076,0.32916053660411976,0.29805613,0.0615305093186916
5,7,0.6892430278884463,0.16317991631799164,0,0.0,0.0,0.03921573725490196,0.0013265620866029875,0.021118030241116137,0.0006871233758908058,0.749031750550945,0.6915584164646232,0.8335788009309367,0.7147310494238176,0.1831275633554333,0.7311557615369566,0.26483050778781236,0.8335788009309367,0.2473368,0.03588937628330521
1,8,0.7529880478087649,0.39330543933054396,0,0.0,0.0,0.07407409019607843,0.004007526574337989,0.04844718705296975,0.0012102318121842922,0.31887426239734357,0.3011363449583089,0.3733431401079297,0.27825409264991136,0.6419753051211704,0.46859296887231366,0.23516950174608578,0.3733431401079297,0.29599184,0.09912533466037024
3,9,0.9243027888446215,0.8368200836820083,0,1.0,0.0,0.10457516470588235,0.010626401143183447,0.037267076939933114,0.0012503042567378658,0.10766848126006141,0.09090909422963397,0.10088365021440611,0.13094310737511744,0.726337438344002,0.10175879442154236,0.7669491401806235,0.1237113481317279,0.33542147,0.9425550515764719
0,0,0.06772908366533864,0.5313807531380753,0,0.0,0.0,0.03485838588235294,0.0009824894187816888,0.0186335373519542,0.00021639871684156982,0.04002065886973383,0.053571429354128015,0.043446242463577006,0.02338269584153715,0.9814814806927298,0.1369346726765107,0.44491523744793177,0.04860088439910984,0.5438712,0.30928084420840346
0,1,0.545816733067729,0.4393305439330544,0,0.0,0.0,0.02396514117647059,0.00026501367198816605,0.009937888823733611,0.00014960904668241857,0.04518461363856278,0.05519480287991231,0.054491897978704726,0.02572096591672748,0.9526748979843012,0.1683417083268099,0.4216101438388755,0.055228280889335186,0.5591710999999999,0.24831537701286174
6,2,0.22310756972111553,0.3263598326359833,0,0.0,0.0,0.06753812549019607,0.002280430208636564,0.13788818646657225,0.003392719708998412,0.11851278446205375,0.09496753169669211,0.16273931765287689,0.0943102114010846,0.6707818804221912,0.36557787511521206,0.37923726716909667,0.16273931765287689,0.47748852,0.07435373527240004
6,3,0.7768924302788844,0.3514644351464435,0,0.0,0.0,0.06753811764705883,0.001961297662603116,0.029813666471200838,0.0009124174835241155,0.053188744018241495,0.04951298604291408,0.07142857237534188,0.037412314889717385,0.8456790063900318,0.21608040581677215,0.4512711689483986,0.07142857237534188,0.51256585,0.1448682642346683
1,4,0.5139442231075697,0.08786610878661087,0,0.0,0.0,0.04357299215686275,0.0018273081645888175,0.018633553451332083,0.0006035064831643162,0.41466563639552717,0.39610387665500096,0.4698085458776985,0.37412312785274726,0.6008230255906104,0.49623112008377407,0.23093217975707428,0.4698085458776985,0.24900064,0.09053726519427062
6,5,0.749003984063745,0.5564853556485355,0,0.0,0.0,0.0,0.0,0.0,0.0,0.0,0.0,0.0,0.0,0.8930041121094344,0.1092964830228403,0.5826271018789502,0.0,0.0,0.4690522913506115
2,6,0.08764940239043825,0.49372384937238495,0,0.0,0.0,0.0196078431372549,0.00013573871493782508,0.008695651211450234,0.000109535209963117,0.0036147688958874952,0.0,0.010309278569151117,0.0,0.864197525697302,0.14447236240846187,0.5529660843965456,0.010309278569151117,0.7777778000000001,0.08090525126305136
2,7,0.20318725099601595,0.3807531380753138,0,0.0,0.0,0.028322441960784317,0.000885533050469427,0.018633538469966557,0.00040875341874065704,0.020139426805249473,0.004870130074106086,0.041973491222581066,0.011691347570028135,0.7695473198140526,0.2261306467324059,0.5127118477466964,0.041973491222581066,0.89973545,0.04989561574644835
0,8,0.5776892430278885,0.47280334728033474,0,0.0,0.0,0.019607839215686273,0.0002908685639211695,0.008695648528220587,7.747609730791215e-05,0.04208623910414375,0.05438311830857859,0.04860088439910984,0.02338269584153715,0.9711934172915714,0.1532663299935608,0.42796608868679986,0.050810013248821694,0.56349206,0.2791425956047325
1,9,0.6414342629482072,0.6192468619246861,0,0.0,0.0,0.08496732156862745,0.00167596829578685,0.04968943964661865,0.0010499041641768782,0.18202943244088096,0.1842532363291133,0.19587628353552072,0.16523771503545703,0.8436213933394296,0.2261306467324059,0.43644066592753533,0.19587628353552072,0.20284556,0.13499113740631297
0,0,0.3784860557768924,0.3054393305439331,0,0.0,0.0,0.05882354509803921,0.002229991846371112,0.03602483329038302,0.0016483734166459168,0.166279376182165,0.17207791662274416,0.19882179529586305,0.1262665588069662,0.8765432058527662,0.31783919684635487,0.2478813533063416,0.19882179529586305,0.39879107,0.1727397837858133
3,1,0.9243027888446215,0.7238493723849372,0,0.0,0.0,0.019607850980392156,0.00013573866432668686,0.017391301528490586,0.0005663770192534357,0.08262328606113978,0.07142857247217067,0.06553755548205041,0.1114575187386588,0.7777777683127568,0.04271356911757275,0.8135593007038209,0.10530191454122302,0.40555555,0.8635468584934854
5,2,0.4063745019920319,0.2217573221757322,0,0.0,0.0,0.026143792156862744,0.0012202614187453882,0.029813606098533785,0.0006628555107978683,0.7583269173765119,0.7037337800021609,0.8365242795543131,0.7279812867348001,0.20164608266270354,0.701004993563926,0.29661015575624833,0.8365242795543131,0.23679679999999997,0.03252625535155894
0,3,0.3147410358565737,0.4393305439330544,0,0.0,0.0,0.058823529411764705,0.0028505114517298888,0.03478260976505529,0.0006304952964995616,0.15130389856867232,0.15503245734551574,0.18262149718246318,0.11457521544582336,0.866255140599756,0.3077889333176564,0.2754237364891553,0.18262149718246318,0.40736422,0.16655439893048782
4,4,0.6613545816733067,0.7447698744769874,0,0.0,0.0,0.14814813333333332,0.0039052992305012735,0.0844720359955257,0.0011140247208238853,0.40717790107445095,0.37499998721590916,0.4801177873334478,0.3608729326306178,0.5000000027777779,0.5854271099688146,0.18432200016608047,0.4801177873334478,0.29552308,0.07962082706458552
3,5,0.4063745019920319,0.8577405857740585,0,0.0,0.0,0.03485838588235294,0.0011376191892305083,0.04844719376104386,0.0008255212398325016,0.10147172661415109,0.07954545471148171,0.09057437562169092,0.13406078303785554,0.6893003997294614,0.07914572974830177,0.843220325813344,0.12665684000989072,0.43169576,0.9226476811228358
0,6,0.7450199203187251,0.5104602510460251,0,0.0,0.0,0.01307189568627451,0.00046538990471842406,0.011180123529184873,5.610336707904588e-05,0.04647560058793495,0.060876627752624764,0.05154639085753762,0.027279811464386232,0.9855967086457857,0.14698492376802355,0.42372880483338127,0.05596465717257248,0.53858024,0.2976590977017302
6,7,0.8844621513944223,0.21338912133891214,0,0.0,0.0,0.013071898039215686,0.0005203216459998702,0.009937887034913849,0.0003619980449088139,0.044926416806395565,0.0300324664770092,0.07584683670215879,0.026500388339816418,0.7633744769585425,0.27889446807214474,0.43008473061350916,0.07584683670215879,0.6703704,0.08937057895403139
1,8,0.8685258964143426,0.28870292887029286,0,0.0,0.0,0.05010889019607843,0.0005752732477900385,0.014906832117588066,0.0006732396605366173,0.27678803723588036,0.26542209524819727,0.3195876117850691,0.24240062611377625,0.7057613078379816,0.3982411920106188,0.28813556898161463,0.3195876117850691,0.28296396,0.10532180204348096
5,9,0.601593625498008,0.029288702928870293,0,0.0,0.0,0.030501074509803924,0.0007948076113567206,0.012422397365068486,0.00019632018138260383,0.7815647298703247,0.7102272507286749,0.8645065915721163,0.762275873350713,0.06584355836000338,0.7311557615369566,0.385593212017021,0.8645065915721163,0.25466839999999996,0.01407931372243591
4,0,0.3386454183266932,0.7615062761506276,0,0.0,0.0,0.12854036470588234,0.0028833676790988565,0.04968943293854453,0.0013052020400349355,0.42809192186187217,0.39204546110352717,0.5073637959693388,0.37879967642089857,0.4629629641632374,0.6231155473220381,0.1588983161133653,0.5073637959693388,0.29957896,0.0781291336508187
1,1,0.9641434262948207,0.4560669456066946,0,0.0,0.0,0.17429194901960784,0.007608684801510096,0.03478258740480823,0.001322801755888861,0.33359154248153505,0.32711040318903895,0.3733431401079297,0.2977396532271347,0.7222222159465017,0.39698492320269696,0.27330509456244606,0.3733431401079297,0.24532129999999996,0.114942381326467
0,2,0.5737051792828686,0.3807531380753138,0,0.0,0.0,0.034858378823529414,0.0010600560492177614,0.05838508705682689,0.0010713080991152752,0.16085722109549874,0.16152596459800353,0.19734904935678166,0.1215900242684326,0.8395061690900776,0.3366833985631681,0.25423729815426593,0.19734904935678166,0.41776258,0.15669543410418862
6,3,1.0,0.5271966527196653,0,0.0,0.0,0.03485838588235294,0.0009499728096022942,0.0136645951761121,0.0005138211977357182,0.005163955465962989,0.0024350649640010958,0.011782032461104328,0.000779423194717905,0.8703703667009601,0.14447236240846187,0.5466101548028585,0.011782032461104328,0.75,0.09698953881654418
4,4,0.8007968127490039,0.7615062761506276,0,0.0,0.0,0.04357301960784314,0.0013094453996569612,0.07577637516916924,0.001795559092313716,0.2907307177608278,0.2767857201559601,0.33578792978064853,0.2564302437589947,0.6810699364159417,0.4133165873036665,0.28813556898161463,0.33578792978064853,0.27838665,0.09969693734344656
1,5,0.2589641434262948,0.6234309623430963,0,0.0,0.0,0.11764708627450982,0.0070584160738182645,0.0621118023533042,0.000309904386346331,0.15930803591969128,0.13311687310781756,0.20913106988857827,0.1317225297982064,0.6358024530064008,0.40452259258288986,0.34957626112737,0.20913106988857827,0.4260139,0.07268961403503175
0,6,0.12749003984063745,0.5774058577405857,0,0.0,0.0,0.021786494117647055,0.0004395344368655719,0.016149068388256624,0.00010953510176370808,0.037955076543921815,0.0300324664770092,0.057437409739047054,0.02494154279215767,0.8189300348803533,0.2185929660456806,0.47457625874389553,0.057437409739047054,0.5783389,0.10104883893934717
2,7,0.06772908366533864,0.3179916317991632,0,0.0,0.0,0.06100217647058824,0.003425175446128457,0.04223601799776285,0.001260130133593089,0.02039762572881877,0.008928571193761597,0.03755522689576416,0.013250193819167767,0.798353904374333,0.2022613019447111,0.5233050669141411,0.03755522689576416,0.86277056,0.05586796773071841
1,8,0.5936254980079682,0.6150627615062761,0,0.0,0.0,0.08496733333333333,0.0028505131969415514,0.0310559011766521,0.00030188938529174746,0.058869099422745146,0.05113636322129575,0.0810014706848198,0.04286827535874434,0.8127571920248433,0.2374371790690262,0.4491525270216893,0.0810014706848198,0.50308645,0.1088796455829853
2,9,0.398406374501992,0.4602510460251046,0,1.0,0.0,0.026143792156862744,0.0014716916197030207,0.03354037058755462,0.0006406804098189665,0.023754197095405022,0.008116883700349969,0.03976435905917261,0.0218238502938784,0.7654320881572927,0.19723617809493454,0.565677949304259,0.03976435905917261,0.8435185,0.0021841660737916264
4,0,0.5298804780876494,0.7364016736401674,0,0.0,0.0,0.07407406666666666,0.0026446129504478564,0.04720497247174084,0.0012873625542908567,0.4138910507789636,0.38474026635762776,0.4911634978559389,0.3600935102075289,0.5205761332837983,0.609296443449977,0.12288136522371432,0.4911634978559389,0.30745777,0.0921944552186094
0,1,0.08764940239043825,0.30962343096234307,0,0.0,0.0,0.05664488235294117,0.0018357052505041914,0.039751555294934446,0.0006946134222665151,0.12522592719522627,0.13798701998387158,0.1450662802277888,0.09197193711700896,0.9444444420781892,0.24246231083337544,0.30508474253088197,0.1450662802277888,0.39975148,0.21202901272339048
6,2,0.4860557768924303,0.5899581589958159,0,0.0,0.0,0.0,0.0,0.0,0.0,0.0,0.0,0.0,0.0,0.8930041121094344,0.1092964830228403,0.5826271018789502,0.0,0.0,0.4690522913506115
2,3,0.22709163346613545,0.4100418410041841,0,0.0,0.0,0.03485838823529412,0.0004395344368655719,0.06335403258670605,0.0012102298645949318,0.02995094128430492,0.0105519476416238,0.05596465717257248,0.021044426467827698,0.7345679016575217,0.25000000282663304,0.5084745619864982,0.05596465717257248,0.8644824000000001,0.04580586647121882
3,4,0.00398406374501992,0.9790794979079498,0,0.0,0.0,0.07407407058823529,0.0037748282537202675,0.07080744976351243,0.0023643576864715832,0.044668216488558225,0.04545454565377803,0.03976435905917261,0.04910366175826463,0.8827160450045723,0.0954773881960051,0.6165254070283326,0.047864506790393904,0.19104938,0.7946052701052019
3,5,0.8247011952191236,0.9581589958158996,0,1.0,0.0,0.04139434117647059,0.0015060535458861523,0.0546583807044484,0.003611989850606912,0.09863156076317771,0.07954545471148171,0.086156111294874,0.13016367092241085,0.711934141434232,0.07035176103254961,0.8347457390387104,0.12297495859370426,0.42162097,0.9124437123880922
5,6,0.6175298804780877,0.08786610878661087,0,0.0,0.0,0.030500923921568626,0.00028440698754826383,0.0583850535164563,0.0007507148374282243,0.950167883816201,0.9480520296424346,0.9698085790146643,0.9314108127385559,0.5308641892775489,0.44974872192937104,0.3813559281636024,0.9698085790146643,0.113055356,0.046367832173612226
6,7,0.8247011952191236,0.09623430962343096,0,0.0,0.0,0.06753813333333333,0.0030209284037386627,0.009937888823733611,0.0003619979583492868,0.10069714099758766,0.07873376721807007,0.13917525670710415,0.08106000916414624,0.6893003997294614,0.3316582781053512,0.4173728599854569,0.13917525670710415,0.479958,0.06830538086932197
5,8,0.02390438247011952,0.029288702928870293,0,0.0,0.0,0.05010896470588235,0.0012733526772594035,0.021118030241116137,0.00026983427889999,0.9664342514774361,0.9740260148212173,0.9779087115028814,0.9469991910522465,0.5987654143918603,0.41206030718921216,0.37499998331567813,0.9779087115028814,0.09635223400000001,0.05862597893886049
4,9,0.9083665338645418,0.7698744769874477,0,0.0,0.0,0.16339866666666666,0.00397544417382029,0.09192545764438151,0.001621284612630247,0.33255875933567036,0.31006492199622626,0.39027982775935327,0.29306313973302756,0.6008230255906104,0.48869347331664575,0.2436440313173301,0.39027982775935327,0.29027814,0.08863162639486716
6,0,0.9482071713147411,0.34309623430962344,0,0.0,0.0,0.13507623529411766,0.02355390190933137,0.023602481763821008,0.0006224801223259238,0.1004389434682864,0.07224025996558231,0.15169367340431758,0.07326578493325689,0.6419753051211704,0.39698492320269696,0.355932186907498,0.15169367340431758,0.57700235,0.07291801047721419
0,1,0.05179282868525897,0.41422594142259417,0,0.0,0.0,0.06753813333333333,0.009340111909952662,0.05962732623432756,0.0007373594237212923,0.12496772966592502,0.13798701998387158,0.14212076846744648,0.0943102114010846,0.9465020551287912,0.22864320696131438,0.3262711617979749,0.14212076846744648,0.36884832,0.21977036224057497
5,2,0.6533864541832669,0.3682008368200837,0,0.0,0.0,0.03485845333333333,0.0008273593341947698,0.01739132165271294,0.0003419631715179916,0.6511748381463932,0.577110384926052,0.7820323948303948,0.5837879630931265,0.09259259653635134,0.9434673383168986,0.0,0.7820323948303948,0.33041757,0.05989639245002607
1,3,0.8605577689243028,0.5732217573221757,0,0.0,0.0,0.08061002352941177,0.00445352536246301,0.023602477291771597,0.0003660081602551544,0.20268526267034123,0.15665584694272852,0.2754050149086523,0.16991424957399062,0.46913576072244906,0.5326632886290757,0.30508474253088197,0.2754050149086523,0.48377079999999995,0.05429675069366334
6,4,0.9083665338645418,0.3891213389121339,0,0.0,0.0,0.01960783725490196,0.0009558914157226816,0.06335403258670605,0.0014724079244670027,0.13787762704500783,0.11931818571981992,0.1730485922455921,0.11847233457607685,0.7016460854404813,0.3241205974186259,0.4173728599854569,0.1730485922455921,0.37553233,0.07048204121777404
1,5,0.5378486055776892,0.14225941422594143,0,0.0,0.0,0.047930274509803916,0.002695315188716718,0.04596272435014134,0.0011009745015830297,0.3699974289697112,0.35146102799138773,0.422680423986153,0.3320342749170919,0.6172839336991305,0.47236178660261163,0.25423729815426593,0.422680423986153,0.25936732,0.08989179134772966
5,6,0.2350597609561753,0.17154811715481172,0,0.0,0.0,0.02832245490196078,0.0010406716342371434,0.017391294820416472,0.0005343201311780781,0.7782081341040477,0.7378246693358387,0.8564065253578311,0.7342166380602761,0.3024690869570166,0.7060301592478723,0.18432200016608047,0.8564065253578311,0.21837935,0.055832496228743665
0,7,0.5537848605577689,0.4769874476987448,0,0.0,0.0,0.010893250980392158,0.0001098837793745301,0.014906833235600419,0.00022441363854992018,0.0431190292213487,0.053571429354128015,0.050810013248821694,0.02494154279215767,0.9567901222336533,0.159547740741711,0.4322033725402185,0.05154639085753762,0.5456349,0.2611495928310797
3,8,0.8087649402390438,0.606694560669456,0,0.0,0.0,0.01960785490196078,0.0004867155535357639,0.04472048517264067,0.0004023382252930978,0.1652465790936198,0.1266233804657193,0.16863034117356157,0.19875292131713418,0.5390946525910685,0.1683417083268099,0.8474576096667625,0.18777614441991058,0.38903406,1.0
3,9,0.027888446215139442,0.7866108786610879,0,0.0,0.0,0.06535949411764706,0.001376641685706926,0.031055907884726217,0.0005138211977357182,0.10457010393710625,0.09740259417692698,0.07805596555187065,0.13951676104390456,0.8004115155730831,0.0,0.8622881222215242,0.13181149387473126,0.40888458,0.8221554519485409
0,0,0.06772908366533864,0.5606694560669456,0,0.0,0.0,0.015250547450980392,3.2318695195990765e-05,0.0136645951761121,0.0002698306433998505,0.02736896599129252,0.04058441338811353,0.026509572706115075,0.015588464595838982,0.9835390974470356,0.11180904573918586,0.4851694779113402,0.03681884928704824,0.6005291,0.36324194998447795
1,1,0.5537848605577689,0.2594142259414226,0,0.0,0.0,0.06753809411764707,0.001444616056924616,0.017391294820416472,0.0007239952097957686,0.3227472253368622,0.333603903136332,0.3387334216588113,0.29540138595786786,0.8580246883973479,0.2726130674998737,0.3432203353472422,0.3387334216588113,0.1761556,0.1574092193176465
4,2,0.9322709163346613,0.7740585774058577,0,0.0,0.0,0.06535947450980392,0.002326950047155619,0.04968943293854453,0.0008282796034304118,0.32946038201271516,0.30519481895134076,0.38807069890964135,0.29072484440452545,0.5884773398795904,0.49246231366000853,0.2499999761652544,0.38807069890964135,0.29423782,0.08457095485558254
4,3,0.8685258964143426,0.6903765690376569,0,0.0,0.5,0.08278870196078432,0.003242458416841711,0.11428570470275126,0.0020496524923517448,0.4203459890114946,0.38961037670770793,0.5014727724486541,0.36399064336740006,0.5061727993369896,0.6306532393152958,0.10169492688882494,0.5014727724486541,0.31446242,0.09271926294740862
5,4,0.5617529880478087,0.09205020920502092,0,0.0,0.0,0.019607792941176472,0.0010883290889785694,0.011180151479493696,0.00025217870329788915,0.7709785753982518,0.7069805299758074,0.8527246108046788,0.7459080235102721,0.12551439423487235,0.72236176681618,0.3389830324260272,0.8527246108046788,0.24777646,0.022782508042384637
2,5,0.23107569721115537,0.3682008368200837,0,0.0,0.0,0.030501092156862745,0.0014478794282128124,0.022360245716754924,0.00025647270504004386,0.014200878751382767,0.0008116882969830496,0.03681884928704824,0.0031176928490197083,0.7860082242188687,0.22864320696131438,0.491525409411807,0.03681884928704824,0.9861110999999999,0.07064783435082858
5,6,0.5537848605577689,0.058577405857740586,0,0.0,0.0,0.039215637254901965,0.0025596490658580055,0.02484470976119815,8.549019597942538e-05,0.89233155359664,0.8603896196396946,0.9432990063085492,0.8690568435212208,0.32510286569882585,0.5954773734975131,0.34745761920066076,0.9432990063085492,0.17250364,0.03269132571106237
1,7,0.08366533864541832,0.3179916317991632,0,0.0,0.0,0.07407411372549018,0.0021972953058692866,0.026086953410748237,0.0004498287491888651,0.44642399524164206,0.4074675453939323,0.5324006028541929,0.39282929406611705,0.4341563333066586,0.6620602987093129,0.12288136522371432,0.5324006028541929,0.30969977,0.07892637141045863
3,8,0.7928286852589641,1.0,0,0.0,0.0,0.08932461568627452,0.002479502489020873,0.03229813588210336,0.0007397945596183072,0.0642912475380712,0.04788960813401292,0.04860088439910984,0.0966484786703514,0.7448559576512722,0.045226134999747356,0.843220325813344,0.09131075190492818,0.5633903,0.8754614654300468
6,9,0.896414342629482,0.502092050209205,0,0.0,0.0,0.0,0.0,0.0,0.0,0.0,0.0,0.0,0.0,0.8930041121094344,0.1092964830228403,0.5826271018789502,0.0,0.0,0.4690522913506115
0,0,0.05976095617529881,0.4895397489539749,0,0.0,0.0,0.0196078431372549,0.00013573866432668686,0.014906833235600419,0.00022441363854992018,0.038729666343289434,0.05032467572788412,0.04418262007229292,0.0218238502938784,0.9670781893385154,0.14698492376802355,0.4427965917076631,0.04712812851893867,0.56150794,0.28635538267718247
2,1,0.1752988047808765,0.3263598326359833,0,0.0,0.0,0.0305010862745098,0.0005946649926596398,0.017391302199298,0.0003419634961162183,0.016008263547893527,0.0008116882969830496,0.04270986883129699,0.002338269654301803,0.7716049347165064,0.25000000282663304,0.4703389653565787,0.04270986883129699,0.9861110999999999,0.07543635738883703
4,2,0.44223107569721115,0.7782426778242678,0,0.0,0.0,0.1655773843137255,0.005224851499939616,0.11055900505844689,0.0022525635325289263,0.3508907839160584,0.32629870839043257,0.4123711162564718,0.30943100360308634,0.5781892838858399,0.5125628181043407,0.22669491497145214,0.4123711162564718,0.29632849,0.08520006436761791
3,3,0.20318725099601595,0.6652719665271967,0,0.0,0.0,0.02178649568627451,0.0007948044699757276,0.0211180092224839,0.00028108952765331643,0.17738188388479892,0.14691557510620473,0.16789396489032427,0.21667965809260614,0.5967078031931101,0.10552763883525666,0.8940677892577564,0.20471281881654774,0.34911168,0.9516450780075594
6,4,0.16733067729083664,0.5899581589958159,0,0.0,0.0,0.07625272549019607,0.002979788703733566,0.0273291903522242,0.000598436431981668,0.010586109855495273,0.007305194745899393,0.01914580192087038,0.004676539448899782,0.864197525697302,0.15577889248377572,0.5338982879883656,0.01914580192087038,0.64867723,0.11077179260943286
4,5,0.7051792828685259,0.7280334728033473,0,0.0,0.0,0.10239654509803922,0.0031524938027533856,0.06956521953011058,0.0016425397373149178,0.34185387039051496,0.3214285688195733,0.40206186154593626,0.2977396532271347,0.6131687113016303,0.5037688459966289,0.20550843850096984,0.40206186154593626,0.30003616,0.09725275811777086
6,6,0.8326693227091634,0.5941422594142259,0,0.0,0.0,0.0,0.0,0.0,0.0,0.0,0.0,0.0,0.0,0.8930041121094344,0.1092964830228403,0.5826271018789502,0.0,0.0,0.4690522913506115
3,7,0.28286852589641437,0.7531380753138075,0,1.0,0.0,0.0501089294117647,0.0008855334867723428,0.06956521953011058,0.0033234578049715757,0.10586109158361245,0.08847402444420434,0.09867452136469425,0.13016367092241085,0.7222222159465017,0.09924623193132746,0.7754237078874607,0.12297495859370426,0.3503698,0.9407693375886038
0,8,0.08366533864541832,0.4393305439330544,0,0.0,0.0,0.015250539215686275,0.00018744866459893987,0.007453413822769328,9.617725717672253e-05,0.03924606349329399,0.04951298604291408,0.04639175223570138,0.0218238502938784,0.9567901222336533,0.15577889248377572,0.4385593116678038,0.04860088439910984,0.57539684,0.265262822980396
6,9,0.6334661354581673,0.12552301255230125,0,0.0,0.0,0.03267973725490196,0.0014130347066752952,0.004968944411866807,0.00012416428940543127,0.004905757936661748,0.0040584418501749845,0.00810014706848198,0.002338269654301803,0.8847736589811003,0.1268844227156511,0.5614406597305014,0.00810014706848198,0.537037,0.12710247181326773
2,0,0.03187250996015936,0.28870292887029286,0,0.0,0.0,0.11546840784313726,0.023999894240173236,0.3726707693993311,0.0515830583385245,0.16473019100635758,0.1266233804657193,0.20986744617181552,0.15354637868912302,0.5432098379515301,0.38190952790964927,0.483050830264292,0.20986744617181552,0.5142537,0.01842827924537769
4,1,0.4900398406374502,0.7531380753138075,0,0.0,0.0,0.13725492941176473,0.004779460394515568,0.07329192588248908,0.0020198180922684165,0.41647302607197606,0.386363641344451,0.49558174892796947,0.3616523760981332,0.5123456699702785,0.6193467069786754,0.11440677844908073,0.49558174892796947,0.31361094,0.09182380211542476
3,2,0.24701195219123506,0.7949790794979079,0,0.0,0.0,0.05664488235294117,0.0016030093731827983,0.021118006539254254,0.00039806692378693316,0.054221534832580486,0.04545454565377803,0.03681884928704824,0.08106000916414624,0.8065843584285931,0.03391960266312707,0.7987287881490593,0.07658320635800289,0.54320127,0.836552396847751
2,3,0.26294820717131473,0.5230125523012552,0,0.0,0.0,0.2636165882352941,0.006471853575345324,0.05962732623432756,0.0023062496988449786,0.1081848693473236,0.06574675271309453,0.16789396489032427,0.08573655071748867,0.5308641892775489,0.44221105254917814,0.39406777972385826,0.16789396489032427,0.66081303,0.041409253491862606
2,4,0.9163346613545816,0.47280334728033474,0,0.0,0.0,0.13507626274509804,0.026113541027482895,0.040993787764361,0.0046405538453637134,0.02091402078742125,0.0105519476416238,0.039027982775935326,0.011691347570028135,0.8065843584285931,0.2072864337090603,0.5063559162462297,0.039027982775935326,0.8953690000000001,0.07635700409918238
3,5,0.24701195219123506,0.8744769874476988,0,0.0,0.0,0.11982572549019609,0.02663709492764702,0.0819875732926973,0.004392095037744281,0.05706170974629621,0.04788960813401292,0.04270986883129699,0.08106000916414624,0.8024691267718331,0.0502512577188707,0.7754237078874607,0.07658320635800289,0.48671728,0.8569685072181634
3,6,0.3665338645418327,0.9414225941422594,0,1.0,0.0,0.0697167725490196,0.004705608098061349,0.04472049188071479,0.0006732407713838821,0.08727084855990236,0.06980519018015267,0.07142857237534188,0.12081060184534366,0.7283950495427521,0.0502512577188707,0.8516948935201811,0.11413844319485682,0.44724658,0.8892241672717424
5,7,0.3665338645418327,0.07531380753138076,0,0.0,0.0,0.04793034901960784,0.0021459756117141403,0.031055936953047394,0.0011354315410798531,0.8956881145062159,0.8693181747620278,0.946244418657994,0.8674980056898516,0.36625510819234713,0.5942211046895912,0.30720336538979476,0.946244418657994,0.16648434,0.04321626150050864
3,8,0.9601593625498008,0.7196652719665272,0,0.0,0.0,0.05882352549019607,0.0016350851418961794,0.04844720270514269,0.0012970562836013267,0.10715207923011866,0.09253246921645723,0.08247422987868755,0.1473109852747939,0.7427983464525221,0.010050252222166085,0.9046610179590994,0.13917525670710415,0.42024404,0.8537667871801989
1,9,0.9123505976095617,0.4435146443514644,0,0.0,0.0,0.12854033725490197,0.0016212282311023245,0.03229810904980689,0.0006208216922791499,0.2721404677657775,0.2451298786921276,0.3298969195147502,0.2369446691521537,0.5884773398795904,0.4736180554105335,0.2817796432014868,0.3298969195147502,0.33502588,0.07871105902281869
1,0,0.8247011952191236,0.22594142259414227,0,0.0,0.0,0.05446617254901961,0.0021584427057482385,0.5913043235214706,0.018420932777005634,0.3953008216979341,0.38474026635762776,0.42709864192121766,0.3717848675982894,0.6687242692234411,0.3718592756874831,0.3707626994622595,0.42709864192121766,0.19713038,0.10380857368441908
2,1,0.21115537848605578,0.33472803347280333,0,0.0,0.0,0.05664487450980392,0.0026889191624938653,0.018633538469966557,0.00018433985232367607,0.022721404886797986,0.0040584418501749845,0.05301914541223015,0.008573655071748867,0.7427983464525221,0.27010049596443286,0.46610168150316006,0.05301914541223015,0.94481075,0.0637944584729437
1,2,0.7569721115537849,0.45188284518828453,0,0.0,0.0,0.043572968627450984,0.0022580621797972903,0.02111804365726437,0.0005570119997472463,0.27782082038174505,0.2646103712288119,0.3195876117850691,0.24629772419960325,0.6913580109282116,0.3932160602462696,0.3114406683110098,0.3195876117850691,0.27171725,0.09728726592167734
3,3,0.7928286852589641,0.8535564853556485,0,0.0,0.0,0.06100219215686274,0.0016726004735806367,0.10559005058446891,0.0019079533923111482,0.16059902356619749,0.12499999086850656,0.14948453129981934,0.20654715256283235,0.5637859684575505,0.0929648257057902,0.9491524984199946,0.19513991387967664,0.42076695,0.9436826153816701
0,4,0.00398406374501992,0.13807531380753138,0,0.0,0.0,0.08496734117647059,0.0041691145005448545,0.05341616165117009,0.0011033659970517825,0.1306480753105523,0.1266233804657193,0.1671575753523006,0.09586905624726248,0.8148148069272974,0.32914572918297513,0.2923728719028297,0.1671575753523006,0.45768142,0.14404039199605012
6,5,0.8167330677290837,0.20920502092050208,0,0.0,0.0,0.02178649019607843,0.0007045187892978037,0.011180121293160167,0.00033142786720498997,0.04931577898732081,0.03409091124926208,0.0810014706848198,0.03039750606710815,0.7592592490054866,0.28391959983649395,0.4258474467600905,0.0810014706848198,0.64589113,0.08937057895403139
3,6,0.9402390438247012,0.7531380753138075,0,0.0,0.0,0.0392156862745098,0.0005429546503259008,0.03354037058755462,0.0007293440115089549,0.05112316308669755,0.038961039862329225,0.03608247565476822,0.07872174189487943,0.7818929962658128,0.045226134999747356,0.8050847329969838,0.07437407750829103,0.5358196999999999,0.8623935342976158
0,7,0.7768924302788844,0.49372384937238495,0,0.0,0.0,0.03267973529411765,0.0007562583988311271,0.014906832117588066,0.00012823630924025837,0.044151822824223794,0.05762987047378352,0.04860088439910984,0.026500388339816418,0.9794238657902757,0.1432160800327012,0.43644066592753533,0.054491897978704726,0.54012346,0.29618290870726965
3,8,0.9203187250996016,0.6861924686192469,0,0.0,0.0,0.0457516431372549,0.0010883306422169493,0.06335403258670605,0.0015638054799682502,0.10715207923011866,0.09090909422963397,0.08983799271106042,0.14107559186046478,0.7304526607415023,0.047738692967349325,0.8538135354468905,0.1332842331864195,0.38741234,0.8845907069594513
1,9,0.7808764940239044,0.4602510460251046,0,0.0,0.0,0.8496731764705882,0.03030176105818466,0.0211180092224839,0.000652601705280391,0.28608314829072495,0.2735389482667293,0.32768776415546563,0.2540919484304926,0.6934156221269617,0.3944723403607237,0.30720336538979476,0.32768776415546563,0.28057775,0.09922646735957417
3,0,0.350597609561753,0.8786610878661087,0,0.0,0.0,0.0544662274509804,0.0025919618343151897,0.03229813588210336,0.0011434413990558663,0.09811515873323498,0.07792207972465845,0.08247422987868755,0.13406078303785554,0.7037036966392315,0.054020101454193045,0.8707626899283613,0.12665684000989072,0.44601154,0.8984931820863576
6,1,0.601593625498008,0.602510460251046,0,0.0,0.0,0.0196078431372549,0.0010665181142499325,0.24099377882026216,0.09507654458984201,0.05086496207172618,0.038961039862329225,0.07290132494181646,0.038971158332933485,0.7839506074645629,0.23492461884011775,0.483050830264292,0.07290132494181646,0.5,0.07698155457804856
3,2,0.46215139442231074,0.891213389121339,0,0.0,0.0,0.11982570980392157,0.004467145866885027,0.0683229781165852,0.0021795164525135876,0.14123419492592396,0.11282467846733217,0.11782033123843645,0.19329695032589395,0.6255143784941309,0.02512562829410873,1.0,0.18262149718246318,0.44151622,0.896073058247079
2,3,0.27091633466135456,0.5355648535564853,0,0.0,0.0,0.11111109019607843,0.0030947119388533683,0.047204967999691434,0.001203817318426244,0.12600051978312998,0.11688311593439028,0.14948453129981934,0.10989867389248094,0.7777777683127568,0.26130653516325336,0.44491523744793177,0.15832106658084633,0.38661182,0.15347204939234296
5,4,0.4940239043824701,0.14644351464435146,0,1.0,0.0,0.023965076078431374,0.0010673990970972943,0.04844723177346386,0.0005638885771142958,0.868319190342965,0.8238636459101977,0.9344624378905564,0.8409976082307838,0.2386831212772441,0.6670853965540651,0.31567795216442845,0.9344624378905564,0.20012376,0.032110104579958346
3,5,0.7370517928286853,0.6778242677824268,0,0.0,0.0,0.05664488235294117,0.0014478809116427258,0.04720497247174084,0.0014319725069629927,0.11954557457925873,0.09902596916375024,0.10309277906411796,0.15666406838147875,0.6934156221269617,0.05527638496060696,0.8792372576351984,0.14801178536073795,0.39643326,0.9013707659855873
4,6,0.46613545816733065,0.7071129707112971,0,0.0,0.0,0.07625273333333334,0.0025863885008701624,0.06956521953011058,0.0007852845485761968,0.33849730948093915,0.32224024900779014,0.3910161974151974,0.2985190966946501,0.6460905275186707,0.4635678371079645,0.23940676653170795,0.3910161974151974,0.27882218,0.09913265505915818
1,7,0.7569721115537849,0.37656903765690375,0,0.0,0.0,0.04357301960784314,0.0013601542697301414,0.02484472317734639,0.0008557433544644375,0.31396850934062,0.2849025950900763,0.3784977807179839,0.2735775440817601,0.5576131718983388,0.5188441847570147,0.23728814367279505,0.3784977807179839,0.32273299,0.08092239396907373
2,8,0.06772908366533864,0.3305439330543933,0,0.0,0.0,0.04139433333333334,0.0006528385867694805,0.014906832117588066,0.0001602954550766153,0.019623031746646993,0.0040584418501749845,0.04565537595246409,0.007014808822609233,0.7674897049115985,0.24748743129119227,0.4788135387837549,0.04565537595246409,0.9261464,0.06794584735923277
1,9,0.6693227091633466,0.3807531380753138,0,0.0,0.0,0.0392156862745098,0.0006205184709711963,0.019875784355541343,0.00021372665309220927,0.40588690645660436,0.39042206420111963,0.46170841338948143,0.3616523760981332,0.6275720082114004,0.49748741150476067,0.2012711737153477,0.46170841338948143,0.25975996,0.10107080013571089
1,0,0.3107569721115538,0.07112970711297072,0,0.0,0.0,0.1677559607843137,0.006565304947814682,0.018633538469966557,0.0004748371454629968,0.43506326212434593,0.39042206420111963,0.5243004637385827,0.38347622498904993,0.3950616834933679,0.675879368661777,0.13983051970518517,0.5243004637385827,0.32455578,0.07161813004434542
0,1,0.47808764940239046,0.42677824267782427,0,0.0,0.0,0.06753811764705883,0.0026695286392724284,0.06583849528953445,0.0011033667183811752,0.14123419492592396,0.14610389491798786,0.16863034117356157,0.10756039960840529,0.8786008189033682,0.2851758686444158,0.3008474396096669,0.16863034117356157,0.39658895,0.17519682467416944
4,2,0.41434262948207173,0.7615062761506276,0,0.0,0.0,0.12636164705882352,0.0033249069278620245,0.06459627847228083,0.001570568880753576,0.41905500136498847,0.3879870017208847,0.49779089103246765,0.3655494741839602,0.5041152066567588,0.6180904381707536,0.1249999880826272,0.49779089103246765,0.30846536,0.08954688010256112
6,3,0.7370517928286853,0.0041841004184100415,0,0.0,0.0,0.017429189411764707,0.0004749863698969139,0.05217390905752117,0.0014184105045179746,0.04363542427995118,0.028409090029146995,0.07511045379152832,0.02494154279215767,0.7613168657597924,0.28140702830105313,0.42796608868679986,0.07511045379152832,0.6873016,0.08765432535770015
3,4,0.22310756972111553,0.694560669456067,0,0.0,0.0,0.037037056862745096,0.0009630979007896036,0.03229813141005395,0.0012396189880441097,0.1365866254558211,0.11525974094756704,0.12223858893786017,0.17225252385806625,0.6810699364159417,0.07035176103254961,0.8665254060749427,0.16273931765287689,0.35899040000000004,0.9162938158994577
5,5,0.7091633466135459,0.37656903765690375,0,0.0,0.0,0.01742932745098039,0.0006722330192650424,0.013664558058101984,0.00023777384188402006,0.9406144985473122,0.9237012587361909,0.9756996025353489,0.9197193711700896,0.42181066611415796,0.5263819106698694,0.36440675461433514,0.9756996025353489,0.14110672,0.03747593835883212
5,6,0.027888446215139442,0.11715481171548117,0,1.0,0.0,0.05446629803921569,0.0019714417053929133,0.040993787764361,0.0005049298536018718,0.7903434249525462,0.7491883380747699,0.8748158993017975,0.7404520735634583,0.29218106800030474,0.741206025065655,0.13559319771617367,0.8748158993017975,0.22295359,0.06167528642079555
0,7,0.41434262948207173,0.5355648535564853,0,0.0,0.0,0.010893247843137254,0.0001874487099744431,0.0186335373519542,0.0003766941935580669,0.04260263416274622,0.05519480287991231,0.047864506790393904,0.02494154279215767,0.9732510321940254,0.14698492376802355,0.43644066592753533,0.05007363564010577,0.5326279,0.29003687979844034
1,8,0.6972111553784861,0.3723849372384937,0,0.0,0.0,0.07625270980392158,0.001350924368809298,0.03229814035415277,0.00047019957453107097,0.3860056897290686,0.3676947924700098,0.4432989731715834,0.34294621689957233,0.6131687113016303,0.5000000056532661,0.21186438334889418,0.4432989731715834,0.26862052,0.09725201681156448
5,9,0.9043824701195219,0.03765690376569038,0,0.0,0.0,0.04139430196078431,0.0008562971425300404,0.018633538469966557,0.0005429975073741504,0.8714175328092187,0.8327922010325308,0.93151695926718,0.8448947203462284,0.2818929749695156,0.636934673807164,0.32203387794455623,0.93151695926718,0.18889166,0.033904436252475384
6,0,0.7290836653386454,0.5606694560669456,0,0.0,0.0,0.028322441960784317,0.0010673992018099942,0.004968943741059394,0.00019632097484493583,0.003872967122322761,0.0024350649640010958,0.00810014706848198,0.000779423194717905,0.8806584319539702,0.1319095476960809,0.5572033720635235,0.00810014706848198,0.5277778000000001,0.11305043815922616
4,1,0.9681274900398407,0.7656903765690377,0,0.0,0.0,0.06753811764705883,0.001995509919434049,0.05093167882411933,0.0014697879839795627,0.3467596234472386,0.32467531148802503,0.40868925472246503,0.3024161947804771,0.5987654143918603,0.5138191095253272,0.2033897965742606,0.40868925472246503,0.30085307,0.09435211959552324
1,2,0.14342629482071714,0.2803347280334728,0,0.0,0.0,0.03921570980392156,0.00031025910459472347,0.05714287471162268,0.002073153187569013,0.3054479908736791,0.30032466477009195,0.3438880755236519,0.2696804179366978,0.7427983464525221,0.38316580802410344,0.2754237364891553,0.3438880755236519,0.25891644,0.11951301593776831
4,3,0.8844621513944223,0.6276150627615062,0,0.0,0.0,0.05446624705882353,0.005306727930576876,0.20124220116508068,0.022377249213246034,0.2930544885531987,0.26298701085237813,0.3460971844911842,0.2657833198508708,0.5576131718983388,0.45477385369372025,0.345338958206155,0.3460971844911842,0.30841646,0.04608242928416004
2,4,0.26693227091633465,0.38493723849372385,0,0.0,0.0,0.026143794117647057,0.0010083444503316253,0.024844716469272266,0.0006946137612913296,0.01497547064215246,0.0008116882969830496,0.03755522689576416,0.004676539448899782,0.7798353850670626,0.22864320696131438,0.497881335191935,0.03755522689576416,0.9876543,0.06402745101360557
4,5,0.7211155378486056,0.7322175732217573,0,1.0,0.0,0.14379082352941178,0.0035671442263860644,0.03975152622661328,0.0008953617221652693,0.3377226959790146,0.31980520844313953,0.39690722093588204,0.29228371029512984,0.6337448418076507,0.49748741150476067,0.19491522886742338,0.39690722093588204,0.30452195,0.10339271943530105
3,6,0.8844621513944223,0.7280334728033473,0,0.0,0.0,0.0196078431372549,0.0006101314423615925,0.05341613929092302,0.0015009246721485777,0.0903692258828575,0.08441557967195146,0.0648011791988131,0.12314886209980162,0.8148148069272974,0.001256291420986558,0.8453389677400532,0.1163475654171755,0.44541803,0.80983996514823
2,7,0.9123505976095617,0.47280334728033474,0,0.0,0.0,0.010893247058823528,0.00018744869950317313,0.006211180235330419,0.00010953518832323521,0.004647560407360508,0.0,0.013254786353057537,0.0,0.8559670734948939,0.1545226123693215,0.5444915090625899,0.013254786353057537,1.0,0.08090525126305136
2,8,0.0199203187250996,0.2928870292887029,0,0.0,0.5,0.16122003921568628,0.015254450115218875,0.12795032000308573,0.0205632327444304,0.0870126580019414,0.05600649183436288,0.1251841006982025,0.07638347462561264,0.6255143784941309,0.326633146341002,0.491525409411807,0.1251841006982025,0.6281558,0.026388517952647846
3,9,0.7808764940239044,0.9414225941422594,0,0.0,0.0,0.09586056470588236,0.011919146437918283,0.07453415611589093,0.005482101942309229,0.11205783925818248,0.09577921919010374,0.11045656177867037,0.12938425551413077,0.7283950495427521,0.129396985205866,0.7182203186629204,0.12297495859370426,0.29272884,0.9860763420482465
2,0,0.0796812749003984,0.46443514644351463,0,0.0,0.0,0.017429194117647057,0.0007045187369414537,0.00993788770572126,0.00029119108217586415,0.003872967122322761,0.0,0.00810014706848198,0.0031176928490197083,0.8621399144985519,0.1319095476960809,0.5762711696157715,0.00810014706848198,0.5555555999999999,0.016009916008338818
5,1,0.4820717131474104,0.0,0,0.0,0.0,0.0392156862745098,0.0005429628702728324,0.06459630530457731,0.0036440493354680833,1.0,1.0,1.0,1.0,0.5288065780787987,0.36180904607838177,0.5317796441548766,1.0,0.09277301,0.0017240187788428363
6,2,0.3784860557768924,0.3472803347280335,0,0.0,0.0,0.02832245490196078,0.0004977088337727776,0.009937892401373142,0.00030990486242373026,0.14097598345394216,0.11688311593439028,0.19072165618025289,0.1114575187386588,0.6584361947111713,0.39949747212507297,0.3347457485726085,0.19072165618025289,0.45154575,0.08266626122159214
1,3,0.7410358565737052,0.28870292887029286,0,0.0,0.0,0.052287556862745097,0.0012410399088022194,0.029813664235176132,0.0005129435346236666,0.2824683898518479,0.27597403996774317,0.3159057502510622,0.25331253302221246,0.740740735253772,0.3517587938562157,0.33050846471918993,0.3159057502510622,0.24472968,0.10901877022526567
2,4,0.1394422310756972,0.5606694560669456,0,0.0,0.0,0.010893247058823528,0.0003425785746646925,0.028571427293700165,0.0014880757038083022,0.005938549448134762,0.0024350649640010958,0.00957290096043519,0.0054559625734696,0.864197525697302,0.129396985205866,0.5783898138306164,0.00957290096043519,0.25185186,0.0
4,5,0.01593625498007968,0.8326359832635983,0,0.0,0.5,0.08496734117647059,0.0029145003354296814,0.09937886587708906,0.001885090496542957,0.3576039266492309,0.33198050623392444,0.4263623120297326,0.30943100360308634,0.5679012278920893,0.5515075129589537,0.1716101676736211,0.4263623120297326,0.3175664,0.09452669720712327
5,6,0.42231075697211157,0.04184100418410042,0,0.0,0.0,0.026143590588235295,0.0009012235155404117,0.026086953410748237,0.0002944814983338734,0.8838110421010394,0.8457792301478959,0.9403534614112411,0.8604831968672423,0.2818929749695156,0.6218592672075839,0.34745761920066076,0.9403534614112411,0.18402189,0.029759459664871438
6,7,0.22709163346613545,0.42677824267782427,0,0.0,0.0,0.13507626274509804,0.0021347984036199884,0.016149069059064033,0.0002810889505898022,0.14536535539474377,0.1233766304920728,0.18851252070314786,0.12081060184534366,0.6728394916209414,0.366834177842731,0.37499998331567813,0.18851252070314786,0.4148072,0.07510501204724514
5,8,0.0796812749003984,0.3305439330543933,0,0.0,0.0,0.026143840784313723,7.756444368585912e-05,0.01739132165271294,0.0004060816363097597,0.7911180105691097,0.7735389263511452,0.8519882411488349,0.7435697351965788,0.47119337192119914,0.6206029757865973,0.1546609941243538,0.8519882411488349,0.17969723,0.08027150858722626
5,9,0.44223107569721115,0.0794979079497908,0,0.0,0.0,0.021786558823529412,0.0004749844850683181,0.027329201532347726,0.0005194166724613461,0.7895688393359828,0.7362013089594049,0.862297482604584,0.7638347111820823,0.19958847146395342,0.6809045230391908,0.33262710664589923,0.862297482604584,0.22538376,0.026991459355598414
4,0,0.5418326693227091,0.7154811715481172,0,0.0,0.0,0.07189542745098039,0.006728760075979535,0.08074532740712252,0.006649590876395016,0.2434805141279788,0.22970779440172245,0.28424153693489296,0.21356196138544156,0.6995884557232119,0.3793969902938055,0.3262711617979749,0.28424153693489296,0.28575617,0.0981907699260004
5,1,0.36254980079681276,0.18828451882845187,0,0.0,0.0,0.01742912745098039,5.1709584911877283e-05,0.018633538469966557,0.00040875406793711047,0.8783888730716926,0.8465908738101391,0.9322533289230239,0.8519095291688376,0.33127568077655667,0.6067839058341333,0.32203387794455623,0.9322533289230239,0.17606053,0.037837677254885196
1,2,0.5976095617529881,0.3263598326359833,0,0.0,0.0,0.3289760392156863,0.007988387012553656,0.016149063021797326,0.00028108935453426213,0.22101730119340984,0.19967532792471326,0.2717231202376795,0.18784100037908025,0.6502057499161707,0.42462311964028676,0.3008474396096669,0.2717231202376795,0.35127252,0.08977381246498597
1,3,0.9362549800796812,0.4435146443514644,0,0.0,0.0,0.03050112156862745,0.0007045193652176523,0.02857143176574958,0.0005358523574342949,0.31990706645722905,0.28896104716752397,0.3873343027442246,0.27825409264991136,0.5411522452712993,0.5351758827775813,0.22669491497145214,0.3873343027442246,0.33047688,0.07996286574820423
6,4,0.749003984063745,0.5439330543933054,0,0.0,0.0,0.0,0.0,0.0,0.0,0.0,0.0,0.0,0.0,0.8930041121094344,0.1092964830228403,0.5826271018789502,0.0,0.0,0.4690522913506115
4,5,0.01195219123505976,0.7447698744769874,0,0.0,0.0,0.08061005882352941,0.0067804705230259735,0.2621117576328101,0.08266170834459809,0.18435322414727265,0.17126623643452732,0.21870397482544937,0.16056118751173226,0.726337438344002,0.3316582781053512,0.37923726716909667,0.21870397482544937,0.27147257,0.07968089139995649
0,6,0.9083665338645418,0.47280334728033474,0,0.0,0.0,0.03485839215686274,0.0001292747825291747,0.01987577541144252,0.00024578628221925936,0.04105344898693878,0.05194805071470738,0.04712812851893867,0.024162118966106965,0.9609053501867093,0.15075376863399914,0.4427965917076631,0.05007363564010577,0.5458554,0.27674585997626444
4,7,0.3426294820717131,0.7740585774058577,0,1.0,0.0,0.052287533333333344,0.0015169864941559843,0.04968943293854453,0.0012038171741603654,0.42938293042239906,0.40178571102446664,0.5014727724486541,0.3795790918291787,0.5267489298430099,0.5866833787767365,0.1546609941243538,0.5014727724486541,0.28752622,0.08936705774955105
5,8,0.896414342629482,0.301255230125523,0,0.0,0.0,0.03485840392156863,0.000904924708078445,0.02360240573898101,0.0003660071143275349,0.6318099885920989,0.5446428851895869,0.7746685988610561,0.5643023674418591,0.0,1.0,0.0,0.7746685988610561,0.36206177,0.05409635709342661
5,9,0.7171314741035857,0.06694560669456066,0,0.0,0.0,0.028322407843137255,0.0008079699628130299,0.011180123529184873,0.00018433921034051654,0.9625613931080216,0.9683441804517519,0.9712813183263527,0.9477786064605266,0.5864197471993596,0.39698492320269696,0.4131355761320384,0.9712813183263527,0.09626316,0.049374403352749986
5,0,0.2589641434262948,0.12552301255230125,0,0.0,0.0,0.02396517411764706,0.0005719595620496045,0.008695717844986468,0.0002364035612897716,0.7647818556090429,0.694805217574633,0.8541973501163671,0.7373343768562935,0.08230444795000426,0.7600502493955329,0.31991523601784705,0.8541973501163671,0.26204562,0.023389193041677334
3,1,0.2788844621513944,0.7071129707112971,0,1.0,0.0,0.047930274509803916,0.0009824887206970237,0.06708074117510925,0.0013464800424026271,0.15569327050947393,0.13392857521161872,0.14212076846744648,0.19095867604181835,0.6707818804221912,0.07914572974830177,0.8622881222215242,0.18041236170535815,0.32738259999999997,0.923812273173042
6,2,0.8207171314741036,0.4351464435146444,0,0.0,0.0,0.04139433333333334,0.0005752732477900385,0.0037267083648007226,2.4044320064815775e-05,0.008520526832549245,0.0032467532609841455,0.01914580192087038,0.002338269654301803,0.8497942343430878,0.1658291447059418,0.5317796441548766,0.01914580192087038,0.93333334,0.08625357168279967
6,3,0.8804780876494024,0.21338912133891214,0,0.0,0.0,0.010893247843137254,0.00043791584030894443,0.014906832117588066,0.0004023383118526249,0.044668216488558225,0.0300324664770092,0.07584683670215879,0.02572096591672748,0.7654320881572927,0.2801507481865989,0.4258474467600905,0.07584683670215879,0.68080807,0.09206986017797383
4,4,0.8127490039840638,0.7489539748953975,0,0.0,0.0,0.0501089137254902,0.001741974644168794,0.03602483329038302,0.0008106413685869129,0.3449522337707896,0.32711040318903895,0.40206186154593626,0.301636779372197,0.6316872306089005,0.48869347331664575,0.21186438334889418,0.40206186154593626,0.29078844,0.10069744126487298
0,5,0.0398406374501992,0.40585774058577406,0,0.0,0.0,0.052287588235294113,0.001396169766511622,0.03105589670460269,0.0006865985871176919,0.12316033998947608,0.13879870017208848,0.13991162636294827,0.09041309227083111,0.9670781893385154,0.2261306467324059,0.3093220263843006,0.13991162636294827,0.38875645,0.22773241714805076
0,6,0.47808764940239046,0.20502092050209206,0,0.0,0.0,0.0893246274509804,0.0040656957007059735,0.06459627176420672,0.0020731541974301636,0.1864187974103423,0.1801947988620552,0.23343150049019512,0.1426344507362603,0.7777777683127568,0.39698492320269696,0.21610170533790568,0.23343150049019512,0.4223002,0.1398913938222765
2,7,0.5537848605577689,0.47280334728033474,0,0.0,0.0,0.0392156862745098,0.0007756497946583957,0.024844720941321678,0.0007587314759005295,0.017557448723700967,0.0016233765939660991,0.0405007353424099,0.008573655071748867,0.7654320881572927,0.23115577849675514,0.5084745619864982,0.0405007353424099,0.97376543,0.04883137802392927
4,8,0.01195219123505976,0.7949790794979079,0,0.0,1.0,0.10675380392156862,0.0029299412701371246,0.11677016069750555,0.0022538472103162802,0.3743868009105129,0.3441558332454883,0.4455080821391157,0.3281371838460737,0.5267489298430099,0.5678391996729878,0.1864406420927897,0.4455080821391157,0.30885938,0.08445772033255959
0,9,0.3346613545816733,0.37656903765690375,0,0.0,0.0,0.05228758431372549,0.0022493825441137153,0.02857142505767546,0.0008789529211387887,0.14846373271769894,0.15503245734551574,0.17746686982719534,0.1114575187386588,0.88888888563786,0.2952261321731143,0.27330509456244606,0.17746686982719534,0.4047922,0.18020247630002356
2,0,0.50199203187251,0.5523012552301255,0,0.0,0.0,0.058823529411764705,0.00021330350417559345,0.019875774069827698,0.0004381408470657619,0.0291763486964012,0.006493506521968292,0.06259205034910124,0.015588464595838982,0.7098765302354818,0.2876884401798566,0.4703389653565787,0.06259205034910124,0.915376,0.050693835736811764
2,1,0.1752988047808765,0.40585774058577406,0,0.0,0.5,1.0,0.022330683054902264,0.6099378776436101,0.01149148485078436,0.34727603244852157,0.30519481895134076,0.405007353424099,0.32657833198508707,0.4465020560547172,0.49246231366000853,0.39618642165056756,0.405007353424099,0.35897508,0.03159057865787959
2,2,0.0,0.2928870292887029,0,0.0,0.0,0.4771241960784314,0.4667665276780098,0.20621116234713277,0.1481343392319804,0.14872193024700017,0.1022727264425915,0.2025036767120495,0.13639906433674,0.4855966873494885,0.42211053679831356,0.47457625874389553,0.2025036767120495,0.5952821999999999,0.017150360008872642
6,3,0.07569721115537849,0.5146443514644351,0,0.0,0.0,0.026143792156862744,0.0001551301107650938,0.013664596517726923,0.00017365335736995225,0.020655822560985984,0.008116883700349969,0.04270986883129699,0.009353078897799565,0.7901234540237767,0.22738693815339245,0.48940676176475884,0.04270986883129699,0.8292328000000001,0.07373315078173794
4,4,0.3466135458167331,0.7071129707112971,0,0.0,0.0,0.05882350588235294,0.0016350857178160283,0.08571425057675462,0.0020836861836279583,0.3514071789746609,0.33035712394190647,0.4131074991671023,0.30631332794034827,0.6049382665066299,0.5138191095253272,0.19703390892972555,0.4131074991671023,0.3009182,0.09678328889727718
0,5,0.08764940239043825,0.18410041841004185,0,0.0,0.0,0.08714594509803922,0.006412034525871367,0.03975153964276151,0.0005663771635193143,0.1634392033598514,0.158279214624357,0.2061855581282359,0.12314886209980162,0.7942386727175731,0.36934672676510716,0.24576271137963226,0.2061855581282359,0.43507022,0.14080872318734836
5,6,0.26294820717131473,0.2510460251046025,0,0.0,0.0,0.06535947450980392,0.0015513031146443504,0.03354034151923344,0.00021639770698042,0.8781306546283706,0.8441558697714622,0.9337260682347123,0.8519095291688376,0.3148148097050752,0.6155779005549098,0.3241525389390621,0.9337260682347123,0.17967218,0.035433009650009055
0,7,0.13147410358565736,0.5271966527196653,0,0.0,0.0,0.019607850980392156,0.00029086872099021914,0.024844716469272266,0.0003419636403820969,0.04079525145763754,0.05681818078881347,0.04270986883129699,0.02338269584153715,1.0,0.129396985205866,0.4385593116678038,0.05154639085753762,0.57363313,0.33111899486143215
5,8,0.47410358565737054,0.26359832635983266,0,0.0,0.0,0.013071945098039215,0.00015513050343771793,0.011180151479493696,5.610352865682985e-05,0.710043902712437,0.6509740490992366,0.8166421000247267,0.6539360513192188,0.18518519307270268,0.8341708779071227,0.08898301812517986,0.8166421000247267,0.2767844,0.057524824167264225
6,9,0.8924302788844621,0.19665271966527198,0,0.0,0.0,0.013071901960784314,0.0007358459145642102,0.009937888823733611,0.0002483286220906261,0.05809449986350116,0.04058441338811353,0.09351988075464004,0.037412314889717385,0.7386831240550219,0.3052763843952803,0.41101693420532903,0.09351988075464004,0.62222224,0.08569251408050906
