abalone.csv,0,0.666666667,1.00E-04,0,0.160287081,1795.285714
abalone.csv,0,1,1.00E-04,0,0.167464115,1797.928571
abalone.csv,0,1.333333333,1.00E-04,0,0.16507177,1878.714286
abalone.csv,0,1.666666667,1.00E-04,0,0.162679426,1828.714286
abalone.csv,0,2,1.00E-04,0,0.16507177,1824.428571
abalone.csv,0,2.333333333,1.00E-04,0,0.162679426,1769.428571
abalone.csv,0,0.666666667,0.001,0,0.181818182,1565.857143
abalone.csv,0,1,0.001,0,0.184210526,1536.571429
abalone.csv,0,1.333333333,0.001,0,0.179425837,1493.714286
abalone.csv,0,1.666666667,0.001,0,0.179425837,1536.571429
abalone.csv,0,2,0.001,0,0.186602871,1545.071429
abalone.csv,0,2.333333333,0.001,0,0.181818182,1487.928571
abalone.csv,0,0.666666667,0.01,0,0.21291866,643.2142857
abalone.csv,0,1,0.01,0,0.210526316,643.7142857
abalone.csv,0,1.333333333,0.01,0,0.210526316,664.7142857
abalone.csv,0,1.666666667,0.01,0,0.208133971,679
abalone.csv,0,2,0.01,0,0.210526316,693.5
abalone.csv,0,2.333333333,0.01,0,0.210526316,707.7857143
abalone.csv,0,0.666666667,0.1,0,0.265550239,304.7142857
abalone.csv,0,1,0.1,0,0.265550239,298.0714286
abalone.csv,0,1.333333333,0.1,0,0.265550239,301.9285714
abalone.csv,0,1.666666667,0.1,0,0.267942584,295.2857143
abalone.csv,0,2,0.1,0,0.272727273,302.0714286
abalone.csv,0,2.333333333,0.1,0,0.267942584,298.3571429
abalone.csv,0,0.666666667,0.2,0,0.267942584,271.2857143
abalone.csv,0,1,0.2,0,0.279904306,255.0714286
abalone.csv,0,1.333333333,0.2,0,0.277511962,272.8571429
abalone.csv,0,1.666666667,0.2,0,0.277511962,289.6428571
abalone.csv,0,2,0.2,0,0.277511962,291.9285714
abalone.csv,0,2.333333333,0.2,0,0.270334928,283.2142857
abalone.csv,0,0.666666667,0.3,0,0.275119617,244.7857143
abalone.csv,0,1,0.3,0,0.272727273,241.7142857
abalone.csv,0,1.333333333,0.3,0,0.267942584,271.2857143
abalone.csv,0,1.666666667,0.3,0,0.277511962,247.5714286
abalone.csv,0,2,0.3,0,0.279904306,242.5714286
abalone.csv,0,2.333333333,0.3,0,0.265550239,264
abalone.csv,0,0.666666667,0.4,0,0.272727273,245.5
abalone.csv,0,1,0.4,0,0.282296651,222.7857143
abalone.csv,0,1.333333333,0.4,0,0.282296651,235.9285714
abalone.csv,0,1.666666667,0.4,0,0.275119617,253.9285714
abalone.csv,0,2,0.4,0,0.284688995,223.8571429
abalone.csv,0,2.333333333,0.4,0,0.279904306,226.5714286
abalone.csv,0,0.666666667,0.5,0,0.272727273,217.7142857
abalone.csv,0,1,0.5,0,0.265550239,248.8571429
abalone.csv,0,1.333333333,0.5,0,0.284688995,214.2142857
abalone.csv,0,1.666666667,0.5,0,0.282296651,219.0714286
abalone.csv,0,2,0.5,0,0.270334928,221.7142857
abalone.csv,0,2.333333333,0.5,0,0.272727273,205.2142857
abalone.csv,0,0.666666667,0.75,0,0.28708134,201.4285714
abalone.csv,0,1,0.75,0,0.272727273,193.7142857
abalone.csv,0,1.333333333,0.75,0,0.282296651,198.1428571
abalone.csv,0,1.666666667,0.75,0,0.277511962,210.2142857
abalone.csv,0,2,0.75,0,0.28708134,200.7142857
abalone.csv,0,2.333333333,0.75,0,0.284688995,208.0714286
abalone.csv,0,0.666666667,1,0,0.279904306,207
abalone.csv,0,1,1,0,0.277511962,201
abalone.csv,0,1.333333333,1,0,0.272727273,212.5
abalone.csv,0,1.666666667,1,0,0.272727273,220.4285714
abalone.csv,0,2,1,0,0.277511962,201.5714286
abalone.csv,0,2.333333333,1,0,0.267942584,236.2857143
abalone.csv,0,0.666666667,2,0,0.255980861,238.4285714
abalone.csv,0,1,2,0,0.270334928,181.8571429
abalone.csv,0,1.333333333,2,0,0.258373206,225.0714286
abalone.csv,0,1.666666667,2,0,0.251196172,216.9285714
abalone.csv,0,2,2,0,0.258373206,209.2857143
abalone.csv,0,2.333333333,2,0,0.267942584,189.0714286
abalone.csv,0,0.666666667,5,0,0.248803828,191.9285714
abalone.csv,0,1,5,0,0.236842105,289.9285714
abalone.csv,0,1.333333333,5,0,0.244019139,198.3571429
abalone.csv,0,1.666666667,5,0,0.26076555,167.1428571
abalone.csv,0,2,5,0,0.253588517,227.6428571
abalone.csv,0,2.333333333,5,0,0.241626794,233.6428571
abalone.csv,1,0.666666667,1.00E-04,0,0.167464115,4810.428571
abalone.csv,1,1,1.00E-04,0,0.167464115,4810.428571
abalone.csv,1,1.333333333,1.00E-04,0,0.167464115,4810.428571
abalone.csv,1,1.666666667,1.00E-04,0,0.167464115,4810.428571
abalone.csv,1,2,1.00E-04,0,0.167464115,4810.428571
abalone.csv,1,2.333333333,1.00E-04,0,0.167464115,4810.428571
abalone.csv,1,0.666666667,0.001,0,0.167464115,4810.428571
abalone.csv,1,1,0.001,0,0.167464115,4810.428571
abalone.csv,1,1.333333333,0.001,0,0.167464115,4810.428571
abalone.csv,1,1.666666667,0.001,0,0.167464115,4810.428571
abalone.csv,1,2,0.001,0,0.167464115,4810.428571
abalone.csv,1,2.333333333,0.001,0,0.167464115,4810.428571
abalone.csv,1,0.666666667,0.01,0,0.167464115,4810.428571
abalone.csv,1,1,0.01,0,0.167464115,4810.428571
abalone.csv,1,1.333333333,0.01,0,0.167464115,4810.428571
abalone.csv,1,1.666666667,0.01,0,0.167464115,4810.428571
abalone.csv,1,2,0.01,0,0.167464115,4810.428571
abalone.csv,1,2.333333333,0.01,0,0.167464115,4810.428571
abalone.csv,1,0.666666667,0.1,0,0.222488038,1257.285714
abalone.csv,1,1,0.1,0,0.224880383,577.2142857
abalone.csv,1,1.333333333,0.1,0,0.217703349,629.2857143
abalone.csv,1,1.666666667,0.1,0,0.220095694,795.5
abalone.csv,1,2,0.1,0,0.217703349,585.1428571
abalone.csv,1,2.333333333,0.1,0,0.215311005,645.5714286
abalone.csv,1,0.666666667,0.2,0,0.241626794,893.9285714
abalone.csv,1,1,0.2,0,0.253588517,270.7857143
abalone.csv,1,1.333333333,0.2,0,0.263157895,201
abalone.csv,1,1.666666667,0.2,0,0.258373206,227.9285714
abalone.csv,1,2,0.2,0,0.248803828,227.1428571
abalone.csv,1,2.333333333,0.2,0,0.255980861,208.3571429
abalone.csv,1,0.666666667,0.3,0,0.224880383,822.2142857
abalone.csv,1,1,0.3,0,0.284688995,303.5714286
abalone.csv,1,1.333333333,0.3,0,0.289473684,261.5714286
abalone.csv,1,1.666666667,0.3,0,0.28708134,194.0714286
abalone.csv,1,2,0.3,0,0.284688995,357.6428571
abalone.csv,1,2.333333333,0.3,0,0.279904306,313.4285714
abalone.csv,1,0.666666667,0.4,0,0.220095694,852.5714286
abalone.csv,1,1,0.4,0,0.272727273,321.3571429
abalone.csv,1,1.333333333,0.4,0,0.277511962,267.7857143
abalone.csv,1,1.666666667,0.4,0,0.289473684,220.0714286
abalone.csv,1,2,0.4,0,0.26076555,348.7857143
abalone.csv,1,2.333333333,0.4,0,0.282296651,405.7142857
abalone.csv,1,0.666666667,0.5,0,0.251196172,712.5
abalone.csv,1,1,0.5,0,0.277511962,307.4285714
abalone.csv,1,1.333333333,0.5,0,0.275119617,249.3571429
abalone.csv,1,1.666666667,0.5,0,0.272727273,220.6428571
abalone.csv,1,2,0.5,0,0.263157895,367.1428571
abalone.csv,1,2.333333333,0.5,0,0.265550239,241.7142857
abalone.csv,1,0.666666667,0.75,0,0.279904306,374.0714286
abalone.csv,1,1,0.75,0,0.258373206,326.0714286
abalone.csv,1,1.333333333,0.75,0,0.284688995,226.2142857
abalone.csv,1,1.666666667,0.75,0,0.277511962,272.7142857
abalone.csv,1,2,0.75,0,0.275119617,233.5714286
abalone.csv,1,2.333333333,0.75,0,0.277511962,202.6428571
abalone.csv,1,0.666666667,1,0,0.275119617,227.7857143
abalone.csv,1,1,1,0,0.258373206,492.4285714
abalone.csv,1,1.333333333,1,0,0.28708134,274
abalone.csv,1,1.666666667,1,0,0.28708134,297.7142857
abalone.csv,1,2,1,0,0.282296651,205.7857143
abalone.csv,1,2.333333333,1,0,0.272727273,217.2142857
abalone.csv,1,0.666666667,2,0,0.255980861,512.2142857
abalone.csv,1,1,2,0,0.275119617,362.9285714
abalone.csv,1,1.333333333,2,0,0.267942584,364.8571429
abalone.csv,1,1.666666667,2,0,0.258373206,253.5714286
abalone.csv,1,2,2,0,0.279904306,198.4285714
abalone.csv,1,2.333333333,2,0,0.289473684,299
abalone.csv,1,0.666666667,5,0,0.188995215,426.6428571
abalone.csv,1,1,5,0,0.275119617,253.2142857
abalone.csv,1,1.333333333,5,0,0.282296651,302
abalone.csv,1,1.666666667,5,0,0.282296651,207.7857143
abalone.csv,1,2,5,0,0.265550239,163.0714286
abalone.csv,1,2.333333333,5,0,0.289473684,209.7142857
abalone.csv,2,0.666666667,1.00E-04,0,0.167464115,4810.428571
abalone.csv,2,1,1.00E-04,0,0.167464115,4810.428571
abalone.csv,2,1.333333333,1.00E-04,0,0.167464115,4810.428571
abalone.csv,2,1.666666667,1.00E-04,0,0.167464115,4810.428571
abalone.csv,2,2,1.00E-04,0,0.167464115,4810.428571
abalone.csv,2,2.333333333,1.00E-04,0,0.167464115,4810.428571
abalone.csv,2,0.666666667,0.001,0,0.167464115,4810.428571
abalone.csv,2,1,0.001,0,0.167464115,4810.428571
abalone.csv,2,1.333333333,0.001,0,0.167464115,4810.428571
abalone.csv,2,1.666666667,0.001,0,0.167464115,4810.428571
abalone.csv,2,2,0.001,0,0.167464115,4810.428571
abalone.csv,2,2.333333333,0.001,0,0.167464115,4810.428571
abalone.csv,2,0.666666667,0.01,0,0.167464115,4810.428571
abalone.csv,2,1,0.01,0,0.167464115,4810.428571
abalone.csv,2,1.333333333,0.01,0,0.167464115,4810.428571
abalone.csv,2,1.666666667,0.01,0,0.167464115,4810.428571
abalone.csv,2,2,0.01,0,0.167464115,4810.428571
abalone.csv,2,2.333333333,0.01,0,0.167464115,4810.428571
abalone.csv,2,0.666666667,0.1,0,0.167464115,4810.428571
abalone.csv,2,1,0.1,0,0.167464115,4810.428571
abalone.csv,2,1.333333333,0.1,0,0.167464115,4810.428571
abalone.csv,2,1.666666667,0.1,0,0.167464115,4810.428571
abalone.csv,2,2,0.1,0,0.167464115,4810.428571
abalone.csv,2,2.333333333,0.1,0,0.167464115,4810.428571
abalone.csv,2,0.666666667,0.2,0,0.167464115,4810.428571
abalone.csv,2,1,0.2,0,0.167464115,4810.428571
abalone.csv,2,1.333333333,0.2,0,0.167464115,4810.428571
abalone.csv,2,1.666666667,0.2,0,0.167464115,4810.428571
abalone.csv,2,2,0.2,0,0.167464115,4810.428571
abalone.csv,2,2.333333333,0.2,0,0.167464115,4810.428571
abalone.csv,2,0.666666667,0.3,0,0.167464115,4810.428571
abalone.csv,2,1,0.3,0,0.167464115,4810.428571
abalone.csv,2,1.333333333,0.3,0,0.167464115,4810.428571
abalone.csv,2,1.666666667,0.3,0,0.167464115,4810.428571
abalone.csv,2,2,0.3,0,0.167464115,4810.428571
abalone.csv,2,2.333333333,0.3,0,0.167464115,4810.428571
abalone.csv,2,0.666666667,0.4,0,0.167464115,4810.428571
abalone.csv,2,1,0.4,0,0.167464115,4810.428571
abalone.csv,2,1.333333333,0.4,0,0.167464115,4810.428571
abalone.csv,2,1.666666667,0.4,0,0.167464115,4810.428571
abalone.csv,2,2,0.4,0,0.217703349,1143.071429
abalone.csv,2,2.333333333,0.4,0,0.229665072,508.5714286
abalone.csv,2,0.666666667,0.5,0,0.167464115,4810.428571
abalone.csv,2,1,0.5,0,0.217703349,1098.5
abalone.csv,2,1.333333333,0.5,0,0.167464115,4810.428571
abalone.csv,2,1.666666667,0.5,0,0.222488038,428.8571429
abalone.csv,2,2,0.5,0,0.236842105,337
abalone.csv,2,2.333333333,0.5,0,0.241626794,325.2857143
abalone.csv,2,0.666666667,0.75,0,0.167464115,4810.428571
abalone.csv,2,1,0.75,0,0.26076555,209.5714286
abalone.csv,2,1.333333333,0.75,0,0.244019139,608.4285714
abalone.csv,2,1.666666667,0.75,0,0.26076555,296.5
abalone.csv,2,2,0.75,0,0.291866029,252.8571429
abalone.csv,2,2.333333333,0.75,0,0.275119617,177.2857143
abalone.csv,2,0.666666667,1,0,0.227272727,1004.5
abalone.csv,2,1,1,0,0.248803828,416.9285714
abalone.csv,2,1.333333333,1,0,0.251196172,419.0714286
abalone.csv,2,1.666666667,1,0,0.279904306,175
abalone.csv,2,2,1,0,0.291866029,179.0714286
abalone.csv,2,2.333333333,1,0,0.282296651,222.5714286
abalone.csv,2,0.666666667,2,0,0.198564593,2629.857143
abalone.csv,2,1,2,0,0.263157895,371.5
abalone.csv,2,1.333333333,2,0,0.23923445,599.4285714
abalone.csv,2,1.666666667,2,0,0.275119617,160.7857143
abalone.csv,2,2,2,0,0.294258373,152.8571429
abalone.csv,2,2.333333333,2,0,0.265550239,181.6428571
abalone.csv,2,0.666666667,5,0,0.196172249,2272.571429
abalone.csv,2,1,5,0,0.227272727,187.1428571
abalone.csv,2,1.333333333,5,0,0.284688995,672
abalone.csv,2,1.666666667,5,0,0.248803828,190.7142857
abalone.csv,2,2,5,0,0.275119617,143.0714286
abalone.csv,2,2.333333333,5,0,0.272727273,138.8571429
car.csv,0,0.666666667,1.00E-04,0,0.780346821,337.5
car.csv,0,1,1.00E-04,0,0.780346821,337.5
car.csv,0,1.333333333,1.00E-04,0,0.780346821,337.5
car.csv,0,1.666666667,1.00E-04,0,0.780346821,337.5
car.csv,0,2,1.00E-04,0,0.780346821,337.5
car.csv,0,2.333333333,1.00E-04,0,0.780346821,337.5
car.csv,0,0.666666667,0.001,0,0.855491329,99.5
car.csv,0,1,0.001,0,0.855491329,99.5
car.csv,0,1.333333333,0.001,0,0.855491329,99.5
car.csv,0,1.666666667,0.001,0,0.855491329,99.5
car.csv,0,2,0.001,0,0.855491329,99.5
car.csv,0,2.333333333,0.001,0,0.855491329,99.5
car.csv,0,0.666666667,0.01,0,0.89017341,35.5
car.csv,0,1,0.01,0,0.89017341,35.5
car.csv,0,1.333333333,0.01,0,0.89017341,35.5
car.csv,0,1.666666667,0.01,0,0.89017341,35.5
car.csv,0,2,0.01,0,0.89017341,35.5
car.csv,0,2.333333333,0.01,0,0.89017341,35.5
car.csv,0,0.666666667,0.1,0,0.901734104,38
car.csv,0,1,0.1,0,0.901734104,38
car.csv,0,1.333333333,0.1,0,0.901734104,38
car.csv,0,1.666666667,0.1,0,0.901734104,38
car.csv,0,2,0.1,0,0.901734104,38
car.csv,0,2.333333333,0.1,0,0.901734104,38
car.csv,0,0.666666667,0.2,0,0.901734104,38
car.csv,0,1,0.2,0,0.895953757,33.5
car.csv,0,1.333333333,0.2,0,0.895953757,33.5
car.csv,0,1.666666667,0.2,0,0.895953757,33.5
car.csv,0,2,0.2,0,0.895953757,33.5
car.csv,0,2.333333333,0.2,0,0.895953757,33.5
car.csv,0,0.666666667,0.3,0,0.895953757,33.5
car.csv,0,1,0.3,0,0.895953757,33.5
car.csv,0,1.333333333,0.3,0,0.895953757,33.5
car.csv,0,1.666666667,0.3,0,0.895953757,33.5
car.csv,0,2,0.3,0,0.895953757,33.5
car.csv,0,2.333333333,0.3,0,0.895953757,33.5
car.csv,0,0.666666667,0.4,0,0.89017341,30
car.csv,0,1,0.4,0,0.89017341,30
car.csv,0,1.333333333,0.4,0,0.89017341,30
car.csv,0,1.666666667,0.4,0,0.89017341,30
car.csv,0,2,0.4,0,0.89017341,30
car.csv,0,2.333333333,0.4,0,0.89017341,30
car.csv,0,0.666666667,0.5,0,0.89017341,30
car.csv,0,1,0.5,0,0.89017341,30
car.csv,0,1.333333333,0.5,0,0.89017341,30
car.csv,0,1.666666667,0.5,0,0.89017341,30
car.csv,0,2,0.5,0,0.89017341,30
car.csv,0,2.333333333,0.5,0,0.89017341,30
car.csv,0,0.666666667,0.75,0,0.884393064,27.5
car.csv,0,1,0.75,0,0.884393064,27.5
car.csv,0,1.333333333,0.75,0,0.884393064,27.5
car.csv,0,1.666666667,0.75,0,0.884393064,27.5
car.csv,0,2,0.75,0,0.884393064,27.5
car.csv,0,2.333333333,0.75,0,0.884393064,27.5
car.csv,0,0.666666667,1,0,0.884393064,27.5
car.csv,0,1,1,0,0.884393064,27.5
car.csv,0,1.333333333,1,0,0.884393064,27.5
car.csv,0,1.666666667,1,0,0.884393064,27.5
car.csv,0,2,1,0,0.884393064,27.5
car.csv,0,2.333333333,1,0,0.884393064,27.5
car.csv,0,0.666666667,2,0,0.878612717,34.5
car.csv,0,1,2,0,0.884393064,27.5
car.csv,0,1.333333333,2,0,0.884393064,27.5
car.csv,0,1.666666667,2,0,0.89017341,34.5
car.csv,0,2,2,0,0.884393064,27.5
car.csv,0,2.333333333,2,0,0.87283237,42.5
car.csv,0,0.666666667,5,0,0.884393064,61.5
car.csv,0,1,5,0,0.884393064,61.5
car.csv,0,1.333333333,5,0,0.884393064,61.5
car.csv,0,1.666666667,5,0,0.884393064,61.5
car.csv,0,2,5,0,0.878612717,69.5
car.csv,0,2.333333333,5,0,0.884393064,61.5
car.csv,1,0.666666667,1.00E-04,0,0.74566474,734
car.csv,1,1,1.00E-04,0,0.74566474,734
car.csv,1,1.333333333,1.00E-04,0,0.74566474,734
car.csv,1,1.666666667,1.00E-04,0,0.74566474,734
car.csv,1,2,1.00E-04,0,0.74566474,734
car.csv,1,2.333333333,1.00E-04,0,0.74566474,734
car.csv,1,0.666666667,0.001,0,0.855491329,57.5
car.csv,1,1,0.001,0,0.855491329,57.5
car.csv,1,1.333333333,0.001,0,0.855491329,57.5
car.csv,1,1.666666667,0.001,0,0.855491329,57.5
car.csv,1,2,0.001,0,0.855491329,57.5
car.csv,1,2.333333333,0.001,0,0.855491329,57.5
car.csv,1,0.666666667,0.01,0,0.901734104,66.5
car.csv,1,1,0.01,0,0.919075145,67.5
car.csv,1,1.333333333,0.01,0,0.936416185,40.5
car.csv,1,1.666666667,0.01,0,0.942196532,38
car.csv,1,2,0.01,0,0.924855491,63.5
car.csv,1,2.333333333,0.01,0,0.924855491,63.5
car.csv,1,0.666666667,0.1,0,0.791907514,473.5
car.csv,1,1,0.1,0,0.815028902,317
car.csv,1,1.333333333,0.1,0,0.953757225,7.5
car.csv,1,1.666666667,0.1,0,0.988439306,0.5
car.csv,1,2,0.1,0,0.976878613,6.5
car.csv,1,2.333333333,0.1,0,1,0
car.csv,1,0.666666667,0.2,0,0.895953757,41.5
car.csv,1,1,0.2,0,0.791907514,392.5
car.csv,1,1.333333333,0.2,0,0.953757225,8.5
car.csv,1,1.666666667,0.2,0,1,0
car.csv,1,2,0.2,0,0.965317919,3.5
car.csv,1,2.333333333,0.2,0,1,0
car.csv,1,0.666666667,0.3,0,0.901734104,60.5
car.csv,1,1,0.3,0,0.953757225,16
car.csv,1,1.333333333,0.3,0,0.959537572,5
car.csv,1,1.666666667,0.3,0,0.936416185,32.5
car.csv,1,2,0.3,0,0.976878613,1.5
car.csv,1,2.333333333,0.3,0,1,0
car.csv,1,0.666666667,0.4,0,0.884393064,110
car.csv,1,1,0.4,0,0.936416185,30
car.csv,1,1.333333333,0.4,0,0.786127168,384.5
car.csv,1,1.666666667,0.4,0,0.953757225,9.5
car.csv,1,2,0.4,0,0.994219653,0.5
car.csv,1,2.333333333,0.4,0,0.988439306,2
car.csv,1,0.666666667,0.5,0,0.826589595,62
car.csv,1,1,0.5,0,0.924855491,15.5
car.csv,1,1.333333333,0.5,0,0.901734104,16.5
car.csv,1,1.666666667,0.5,0,0.924855491,45.5
car.csv,1,2,0.5,0,0.994219653,0.5
car.csv,1,2.333333333,0.5,0,0.994219653,0.5
car.csv,1,0.666666667,0.75,0,0.884393064,16.5
car.csv,1,1,0.75,0,0.809248555,306.5
car.csv,1,1.333333333,0.75,0,0.936416185,2
car.csv,1,1.666666667,0.75,0,0.919075145,66.5
car.csv,1,2,0.75,0,1,0
car.csv,1,2.333333333,0.75,0,0.994219653,0.5
car.csv,1,0.666666667,1,0,0.74566474,734
car.csv,1,1,1,0,0.895953757,110
car.csv,1,1.333333333,1,0,0.965317919,1.5
car.csv,1,1.666666667,1,0,0.98265896,3.5
car.csv,1,2,1,0,0.98265896,2.5
car.csv,1,2.333333333,1,0,0.988439306,1
car.csv,1,0.666666667,2,0,0.768786127,373.5
car.csv,1,1,2,0,0.907514451,90
car.csv,1,1.333333333,2,0,0.786127168,411.5
car.csv,1,1.666666667,2,0,0.971098266,6.5
car.csv,1,2,2,0,0.953757225,6.5
car.csv,1,2.333333333,2,0,1,0
car.csv,1,0.666666667,5,0,0.838150289,134
car.csv,1,1,5,0,0.895953757,58.5
car.csv,1,1.333333333,5,0,0.907514451,74
car.csv,1,1.666666667,5,0,0.930635838,27.5
car.csv,1,2,5,0,0.994219653,0.5
car.csv,1,2.333333333,5,0,0.994219653,0.5
car.csv,2,0.666666667,1.00E-04,0,0.74566474,734
car.csv,2,1,1.00E-04,0,0.74566474,734
car.csv,2,1.333333333,1.00E-04,0,0.74566474,734
car.csv,2,1.666666667,1.00E-04,0,0.74566474,734
car.csv,2,2,1.00E-04,0,0.74566474,734
car.csv,2,2.333333333,1.00E-04,0,0.74566474,734
car.csv,2,0.666666667,0.001,0,0.74566474,734
car.csv,2,1,0.001,0,0.74566474,734
car.csv,2,1.333333333,0.001,0,0.74566474,734
car.csv,2,1.666666667,0.001,0,0.74566474,734
car.csv,2,2,0.001,0,0.74566474,734
car.csv,2,2.333333333,0.001,0,0.74566474,734
car.csv,2,0.666666667,0.01,0,0.87283237,162
car.csv,2,1,0.01,0,0.89017341,121.5
car.csv,2,1.333333333,0.01,0,0.89017341,121.5
car.csv,2,1.666666667,0.01,0,0.89017341,121.5
car.csv,2,2,0.01,0,0.89017341,121.5
car.csv,2,2.333333333,0.01,0,0.89017341,121.5
car.csv,2,0.666666667,0.1,0,0.173410405,6371
car.csv,2,1,0.1,0,0.76300578,429.5
car.csv,2,1.333333333,0.1,0,0.988439306,0.5
car.csv,2,1.666666667,0.1,0,0.988439306,1
car.csv,2,2,0.1,0,0.988439306,1
car.csv,2,2.333333333,0.1,0,0.994219653,0.5
car.csv,2,2,0.2,0,0.994219653,0.5
car.csv,2,2,0.3,0,1,0
car.csv,2,2,0.4,0,0.994219653,0.5
car.csv,2,2,0.5,0,0.994219653,0.5
car.csv,2,2,0.75,0,1,0
car.csv,2,2,1,0,0.994219653,0.5
car.csv,2,2,2,0,0.98265896,1.5
car.csv,2,2,5,0,0.994219653,0.5
segmentation.csv,0,2,1.00E-04,0,0.476190476,17.14285714
segmentation.csv,0,2,0.001,0,0.80952381,2.285714286
segmentation.csv,0,2,0.01,0,0.952380952,0.285714286
segmentation.csv,0,2,0.1,0,1,0
segmentation.csv,0,2,0.2,0,1,0
segmentation.csv,0,2,0.3,0,1,0
segmentation.csv,0,2,0.4,0,1,0
segmentation.csv,0,2,0.5,0,1,0
segmentation.csv,0,2,0.75,0,1,0
segmentation.csv,0,2,1,0,1,0
segmentation.csv,0,2,2,0,1,0
segmentation.csv,0,2,5,0,1,0
segmentation.csv,1,2,1.00E-04,0,0.047619048,67.71428571
segmentation.csv,1,2,0.001,0,0.047619048,67.71428571
segmentation.csv,1,2,0.01,0,0.952380952,0.285714286
segmentation.csv,1,2,0.1,0,1,0
segmentation.csv,1,2,0.2,0,1,0
segmentation.csv,1,2,0.3,0,1,0
segmentation.csv,1,2,0.4,0,1,0
segmentation.csv,1,2,0.5,0,1,0
segmentation.csv,1,2,0.75,0,1,0
segmentation.csv,1,2,1,0,1,0
segmentation.csv,1,2,2,0,1,0
segmentation.csv,1,2,5,0,0.952380952,0.285714286
segmentation.csv,2,2,1.00E-04,0,0.047619048,67.71428571
segmentation.csv,2,2,0.001,0,0.047619048,67.71428571
segmentation.csv,2,2,0.01,0,0.047619048,67.71428571
segmentation.csv,2,2,0.1,0,0.904761905,0.571428571
segmentation.csv,2,2,0.2,0,0.904761905,0.571428571
segmentation.csv,2,2,0.3,0,0.952380952,0.285714286
segmentation.csv,2,2,0.4,0,0.952380952,0.285714286
segmentation.csv,2,2,0.5,0,0.857142857,1.142857143
segmentation.csv,2,2,0.75,0,1,0
segmentation.csv,2,2,1,0,1,0
segmentation.csv,2,2,2,0,0.904761905,0.571428571
segmentation.csv,2,2,5,0,1,0
forestfires.csv,0,0.6666666666666666,1.0E-4,0.0,0.9736219954909349,-0.10090853037863481
forestfires.csv,0,1,1.0E-4,0.0,0.9734255180126051,-0.10042808467288421
forestfires.csv,0,1.3333333333333333,1.0E-4,0.0,0.9734808432352051,-0.10028764141672826
forestfires.csv,0,1.6666666666666667,1.0E-4,0.0,0.9732919863510171,-0.09986152579562692
forestfires.csv,0,2,1.0E-4,0.0,0.9733066530050783,-0.09950086332100848
forestfires.csv,0,2.333333333,1.0E-4,0.0,0.9736485358354469,-0.10058209591700268
forestfires.csv,0,0.6666666666666666,0.001,0.0,0.9667924110185419,-0.10596393347121766
forestfires.csv,0,1,0.001,0.0,0.967098963814817,-0.10396239842711738
forestfires.csv,0,1.3333333333333333,0.001,0.0,0.9664645221592589,-0.10272203798996818
forestfires.csv,0,1.6666666666666667,0.001,0.0,0.9659054486150858,-0.10336940759317242
forestfires.csv,0,2,0.001,0.0,0.9668102757747683,-0.1041031607028672
forestfires.csv,0,2.333333333,0.001,0.0,0.9661763655814009,-0.10479239570691175
forestfires.csv,0,0.6666666666666666,0.01,0.0,0.9632711352630194,-0.10359806852003581
forestfires.csv,0,1,0.01,0.0,0.965124390687045,-0.10808950722474416
forestfires.csv,0,1.3333333333333333,0.01,0.0,0.9600328808669456,-0.09700306214955437
forestfires.csv,0,1.6666666666666667,0.01,0.0,0.963360260769603,-0.10524569074092714
forestfires.csv,0,2,0.01,0.0,0.962702313649339,-0.1068329441575637
forestfires.csv,0,2.333333333,0.01,0.0,0.961487867287635,-0.09904890336120221
forestfires.csv,0,0.6666666666666666,0.1,0.0,0.9717363272041694,-0.1274670291886279
forestfires.csv,0,1,0.1,0.0,0.9591716549212388,-0.0834240170737189
forestfires.csv,0,1.3333333333333333,0.1,0.0,0.954759718242195,-0.060490933998773255
forestfires.csv,0,1.6666666666666667,0.1,0.0,0.9574400535180299,-0.07640292981721283
forestfires.csv,0,2,0.1,0.0,0.9614079649336136,-0.08637900665648822
forestfires.csv,0,2.333333333,0.1,0.0,0.967125454564692,-0.12177605028102491
forestfires.csv,0,0.6666666666666666,0.2,0.0,0.9630724593954615,-0.08167786890807033
forestfires.csv,0,1,0.2,0.0,0.9531592096066217,-0.016134335351494614
forestfires.csv,0,1.3333333333333333,0.2,0.0,0.9725163264912944,-0.12339381434087639
forestfires.csv,0,1.6666666666666667,0.2,0.0,0.9497570819033617,-0.04434660758152526
forestfires.csv,0,2,0.2,0.0,0.9665629887055918,-0.12055334010518458
forestfires.csv,0,2.333333333,0.2,0.0,0.965853275436014,-0.12396488392612483
forestfires.csv,0,0.6666666666666666,0.3,0.0,0.9599898929626279,-0.11418773317191083
forestfires.csv,0,1,0.3,0.0,0.9851140087718249,-0.1523889727504239
forestfires.csv,0,1.3333333333333333,0.3,0.0,0.9810518730497271,-0.15234932720164485
forestfires.csv,0,1.6666666666666667,0.3,0.0,0.9626796934323312,-0.10534659055422194
forestfires.csv,0,2,0.3,0.0,0.9644722565895283,-0.12380531067181598
forestfires.csv,0,2.333333333,0.3,0.0,0.9675493578894698,-0.09989216229257031
forestfires.csv,0,0.6666666666666666,0.4,0.0,0.9526470219071612,-0.04794198020670684
forestfires.csv,0,1,0.4,0.0,1.018092494707892,-0.22043918673953372
forestfires.csv,0,1.3333333333333333,0.4,0.0,0.9609499295791152,-0.08932662045480103
forestfires.csv,0,1.6666666666666667,0.4,0.0,0.9501728558333504,-0.06769914324134935
forestfires.csv,0,2,0.4,0.0,0.9650700261424198,-0.11528987841813215
forestfires.csv,0,2.333333333,0.4,0.0,0.9810109514354927,-0.1521047960925227
forestfires.csv,0,0.6666666666666666,0.5,0.0,1.0298019904749183,-0.28864551900237057
forestfires.csv,0,1,0.5,0.0,0.9699481920191175,-0.14192475374001917
forestfires.csv,0,1.3333333333333333,0.5,0.0,1.0213495188482233,-0.23529893016703404
forestfires.csv,0,1.6666666666666667,0.5,0.0,0.9855523892319555,0.1720552967336425
forestfires.csv,0,2,0.5,0.0,0.9487142222969326,0.005659537302557308
forestfires.csv,0,2.333333333,0.5,0.0,1.1126222264196048,0.3937123674191577
forestfires.csv,0,0.6666666666666666,0.75,0.0,NaN,NaN
forestfires.csv,0,1,0.75,0.0,NaN,NaN
forestfires.csv,0,1.3333333333333333,0.75,0.0,NaN,NaN
forestfires.csv,0,1.6666666666666667,0.75,0.0,NaN,NaN
forestfires.csv,0,2,0.75,0.0,NaN,NaN
forestfires.csv,0,2.333333333,0.75,0.0,NaN,NaN
forestfires.csv,0,0.6666666666666666,1,0.0,NaN,NaN
forestfires.csv,0,1,1,0.0,NaN,NaN
forestfires.csv,0,1.3333333333333333,1,0.0,NaN,NaN
forestfires.csv,0,1.6666666666666667,1,0.0,NaN,NaN
forestfires.csv,0,2,1,0.0,NaN,NaN
forestfires.csv,0,2.333333333,1,0.0,NaN,NaN
forestfires.csv,0,0.6666666666666666,2,0.0,NaN,NaN
forestfires.csv,0,1,2,0.0,NaN,NaN
forestfires.csv,0,1.3333333333333333,2,0.0,NaN,NaN
forestfires.csv,0,1.6666666666666667,2,0.0,NaN,NaN
forestfires.csv,0,2,2,0.0,NaN,NaN
forestfires.csv,0,2.333333333,2,0.0,NaN,NaN
forestfires.csv,0,0.6666666666666666,5.0,0.0,NaN,NaN
forestfires.csv,0,1,5.0,0.0,NaN,NaN
forestfires.csv,0,1.3333333333333333,5.0,0.0,NaN,NaN
forestfires.csv,0,1.6666666666666667,5.0,0.0,NaN,NaN
forestfires.csv,0,2,5.0,0.0,NaN,NaN
forestfires.csv,0,2.333333333,5.0,0.0,NaN,NaN
forestfires.csv,1,0.6666666666666666,1.0E-4,0.0,0.98899486410665,-0.09290161303953332
forestfires.csv,1,1,1.0E-4,0.0,0.988098889219036,-0.09334034801882446
forestfires.csv,1,1.3333333333333333,1.0E-4,0.0,0.9960025458211837,-0.08649686765283865
forestfires.csv,1,1.6666666666666667,1.0E-4,0.0,0.9956021653811226,-0.08764875184710677
forestfires.csv,1,2,1.0E-4,0.0,1.0064322977340192,-0.0978829701380338
forestfires.csv,1,2.333333333,1.0E-4,0.0,0.9827284568529152,-0.09905251636811786
forestfires.csv,1,0.6666666666666666,0.001,0.0,1.1290378282813869,-0.05995355693017271
forestfires.csv,1,1,0.001,0.0,1.0974648399439457,-0.04272988223139178
forestfires.csv,1,1.3333333333333333,0.001,0.0,1.1029893659980794,-0.04964885843462115
forestfires.csv,1,1.6666666666666667,0.001,0.0,1.169001293081886,-0.02600323208582406
forestfires.csv,1,2,0.001,0.0,1.1016143368219333,-0.05657990336918152
forestfires.csv,1,2.333333333,0.001,0.0,1.037899825905488,-0.05942526984473109
forestfires.csv,1,0.6666666666666666,0.01,0.0,1.0943689338428795,-0.04921620039516316
forestfires.csv,1,1,0.01,0.0,1.059749684900053,-0.0692782377566001
forestfires.csv,1,1.3333333333333333,0.01,0.0,1.097426072392622,-0.0438315803679126
forestfires.csv,1,1.6666666666666667,0.01,0.0,1.1018285086619277,-0.04439693005610374
forestfires.csv,1,2,0.01,0.0,1.141548369609111,-0.038459033473611695
forestfires.csv,1,2.333333333,0.01,0.0,1.0485823989704008,-0.0552948003696154
forestfires.csv,1,0.6666666666666666,0.1,0.0,1.4706482281383453,-0.013820303148304364
forestfires.csv,1,1,0.1,0.0,0.9315864772469469,-0.0763896861745338
forestfires.csv,1,1.3333333333333333,0.1,0.0,1.0075485412271545,-0.11630731939814429
forestfires.csv,1,1.6666666666666667,0.1,0.0,0.9375425907626342,-0.06128507027497755
forestfires.csv,1,2,0.1,0.0,0.882152339775829,-0.09754408247729271
forestfires.csv,1,2.333333333,0.1,0.0,1.2186300838553197,-0.0010649562881249112
forestfires.csv,1,0.6666666666666666,0.2,0.0,1.9231688557146167,0.05085882817860859
forestfires.csv,1,1,0.2,0.0,0.9925302398061728,-0.09926872362510955
forestfires.csv,1,1.3333333333333333,0.2,0.0,1.9086415831204466,-0.13048207291221703
forestfires.csv,1,1.6666666666666667,0.2,0.0,1.1903105030481695,-0.11105600398539948
forestfires.csv,1,2,0.2,0.0,1.006916896071146,-0.13438927143324378
forestfires.csv,1,2.333333333,0.2,0.0,0.9825648202993934,-0.22882765730040552
forestfires.csv,1,0.6666666666666666,0.3,0.0,0.9853169088681575,0.06743649918592806
forestfires.csv,1,1,0.3,0.0,0.9926036839360121,0.08349647956263591
forestfires.csv,1,1.3333333333333333,0.3,0.0,0.9893438221821467,0.09259908969809569
forestfires.csv,1,1.6666666666666667,0.3,0.0,0.989982670644665,-0.0959866651218164
forestfires.csv,1,2,0.3,0.0,0.9949589826564947,-0.11912074736710393
forestfires.csv,1,2.333333333,0.3,0.0,NaN,NaN
forestfires.csv,1,0.6666666666666666,0.4,0.0,1.910570998255294,0.1241187053236612
forestfires.csv,1,1,0.4,0.0,1.001232350886553,-0.14304935810123157
forestfires.csv,1,1.3333333333333333,0.4,0.0,0.9910846403446951,-0.10156480480689813
forestfires.csv,1,1.6666666666666667,0.4,0.0,0.995276480647292,-0.1204460455061151
forestfires.csv,1,2,0.4,0.0,NaN,NaN
forestfires.csv,1,2.333333333,0.4,0.0,NaN,NaN
forestfires.csv,1,0.6666666666666666,0.5,0.0,0.9921306792611122,-0.10659009567998706
forestfires.csv,1,1,0.5,0.0,0.9961270005956412,-0.12392646943503076
forestfires.csv,1,1.3333333333333333,0.5,0.0,0.9950807897415898,-0.1196309281724258
forestfires.csv,1,1.6666666666666667,0.5,0.0,NaN,NaN
forestfires.csv,1,2,0.5,0.0,0.9952155746380215,-0.1201929443386333
forestfires.csv,1,2.333333333,0.5,0.0,0.9872942681432719,-0.08077770344619115
forestfires.csv,1,0.6666666666666666,0.75,0.0,0.9956853978036313,-0.12213176095676373
forestfires.csv,1,1,0.75,0.0,0.9924380367565137,-0.10802224764965106
forestfires.csv,1,1.3333333333333333,0.75,0.0,0.9918183103216666,-0.10511460199439474
forestfires.csv,1,1.6666666666666667,0.75,0.0,0.9868625812605656,-0.07805991603463779
forestfires.csv,1,2,0.75,0.0,0.9908630925923322,-0.10046821299844681
forestfires.csv,1,2.333333333,0.75,0.0,0.9845320643294462,-0.0613419396515572
forestfires.csv,1,0.6666666666666666,1,0.0,1.000916608064773,-0.1419414572840885
forestfires.csv,1,1,1,0.0,0.9937830510766111,-0.11407813246796988
forestfires.csv,1,1.3333333333333333,1,0.0,0.991407830004121,-0.10314358552469413
forestfires.csv,1,1.6666666666666667,1,0.0,0.998695687860991,-0.13388971988827195
forestfires.csv,1,2,1,0.0,0.9915584398221449,-0.10387111751066357
forestfires.csv,1,2.333333333,1,0.0,0.9950168811094197,-0.11936352220649933
forestfires.csv,1,0.6666666666666666,2,0.0,1251.728098794736,-35.36590631616795
forestfires.csv,1,1,2,0.0,122.38248275470099,-11.018244575427245
forestfires.csv,1,1.3333333333333333,2,0.0,2931.3360162392173,54.132755767727645
forestfires.csv,1,1.6666666666666667,2,0.0,3785.495059697534,61.51840611123441
forestfires.csv,1,2,2,0.0,2944.6543865461867,54.255632125295705
forestfires.csv,1,2.333333333,2,0.0,2755.1418546691284,52.480101804763684
forestfires.csv,1,0.6666666666666666,5.0,0.0,NaN,NaN
forestfires.csv,1,1,5.0,0.0,NaN,NaN
forestfires.csv,1,1.3333333333333333,5.0,0.0,NaN,NaN
forestfires.csv,1,1.6666666666666667,5.0,0.0,NaN,NaN
forestfires.csv,1,2,5.0,0.0,NaN,NaN
forestfires.csv,1,2.333333333,5.0,0.0,NaN,NaN
forestfires.csv,2,0.6666666666666666,1.0E-4,0.0,1.1738244795220683,-0.024793052352124076
forestfires.csv,2,1,1.0E-4,0.0,1.0647942360768226,-0.07440780084959958
forestfires.csv,2,1.3333333333333333,1.0E-4,0.0,1.2943622895760698,-0.013766913888474723
forestfires.csv,2,1.6666666666666667,1.0E-4,0.0,1.0897847548250088,-0.06309729801808098
forestfires.csv,2,2,1.0E-4,0.0,1.1723535001402954,-0.030869023024614563
forestfires.csv,2,2.333333333,1.0E-4,0.0,1.0279783429886624,-0.08767810389873906
forestfires.csv,2,0.6666666666666666,0.001,0.0,1.2327194804810675,-0.022993839759899125
forestfires.csv,2,1,0.001,0.0,1.0270760740955747,-0.07791250051250223
forestfires.csv,2,1.3333333333333333,0.001,0.0,1.1323114554520428,-0.05896208894693033
forestfires.csv,2,1.6666666666666667,0.001,0.0,1.0906277006564458,-0.0815972389946642
forestfires.csv,2,2,0.001,0.0,1.0987977258114703,-0.06316486926534787
forestfires.csv,2,2.333333333,0.001,0.0,1.270237994567614,-0.012045523049097636
forestfires.csv,2,0.6666666666666666,0.01,0.0,0.9891747991861539,-0.09168091050665463
forestfires.csv,2,1,0.01,0.0,1.022522834320454,-0.09688101844227172
forestfires.csv,2,1.3333333333333333,0.01,0.0,1.0627136587863082,-0.06236027562837723
forestfires.csv,2,1.6666666666666667,0.01,0.0,1.165738588652443,-0.01783792933913179
forestfires.csv,2,2,0.01,0.0,0.9995239458040538,-0.09513186931923831
forestfires.csv,2,2.333333333,0.01,0.0,1.0324767344818377,-0.07513237387897329
forestfires.csv,2,0.6666666666666666,0.1,0.0,0.9946458220656551,-0.11779410064729966
forestfires.csv,2,1,0.1,0.0,0.9906804651336399,-0.12468951230917787
forestfires.csv,2,1.3333333333333333,0.1,0.0,1.1330744295345643,-0.06979456019093577
forestfires.csv,2,1.6666666666666667,0.1,0.0,0.9925942794700131,-0.10874304056867073
forestfires.csv,2,2,0.1,0.0,0.9831122126962535,-0.11227264687609441
forestfires.csv,2,2.333333333,0.1,0.0,0.9943919543062548,-0.11668342779567033
forestfires.csv,2,0.6666666666666666,0.2,0.0,0.9949918455569059,-0.1192585637347228
forestfires.csv,2,1,0.2,0.0,0.9905574864188534,-0.0989341145369406
forestfires.csv,2,1.3333333333333333,0.2,0.0,1.140487760097139,-0.040087982841597834
forestfires.csv,2,1.6666666666666667,0.2,0.0,0.9914324596950347,-0.10326292827510036
forestfires.csv,2,2,0.2,0.0,0.9927488146008776,-0.10945128519869973
forestfires.csv,2,2.333333333,0.2,0.0,0.990857511986112,-0.08461275180205693
forestfires.csv,2,0.6666666666666666,0.3,0.0,1.0328849074254978,-0.22828856626094784
forestfires.csv,2,1,0.3,0.0,0.9863384249154765,-0.07462703401462295
forestfires.csv,2,1.3333333333333333,0.3,0.0,0.9864246058290452,-0.07520222783351638
forestfires.csv,2,1.6666666666666667,0.3,0.0,NaN,NaN
forestfires.csv,2,2,0.3,0.0,0.9939217062531879,-0.1146848402462733
forestfires.csv,2,2.333333333,0.3,0.0,0.9956461570126129,-0.12197100574883155
forestfires.csv,2,0.6666666666666666,0.4,0.0,0.9903938675446502,-0.0981052331704012
forestfires.csv,2,1,0.4,0.0,0.9896475281644115,-0.09422471753885724
forestfires.csv,2,1.3333333333333333,0.4,0.0,461.6936843078464,-21.464224076800157
forestfires.csv,2,1.6666666666666667,0.4,0.0,0.9988730311165894,-0.13455036360916306
forestfires.csv,2,2,0.4,0.0,0.9847196545777263,-0.06285239699880305
forestfires.csv,2,2.333333333,0.4,0.0,0.9893874433176909,-0.09283432850222952
forestfires.csv,2,0.6666666666666666,0.5,0.0,0.9904117535634437,-0.09819634827770374
forestfires.csv,2,1,0.5,0.0,834.6647949968406,-28.87358699300608
forestfires.csv,2,1.3333333333333333,0.5,0.0,0.9951539483135418,-0.11993630619753978
forestfires.csv,2,1.6666666666666667,0.5,0.0,0.9889624610079311,-0.09051646390960849
forestfires.csv,2,2,0.5,0.0,0.9917826124907135,-0.10494466028094343
forestfires.csv,2,2.333333333,0.5,0.0,0.9816019988675232,-0.02885770015443325
forestfires.csv,2,0.6666666666666666,0.75,0.0,1.0024862872516396,-0.14736702840253396
forestfires.csv,2,1,0.75,0.0,0.9845809749162276,-0.061739324154028205
forestfires.csv,2,1.3333333333333333,0.75,0.0,0.993022043368222,-0.1106924234037284
forestfires.csv,2,1.6666666666666667,0.75,0.0,0.9817841479089277,-0.031857764198015705
forestfires.csv,2,2,0.75,0.0,0.9929829803423152,-0.11051583403785993
forestfires.csv,2,2.333333333,0.75,0.0,0.9813963254166178,-0.02504185790604316
forestfires.csv,2,0.6666666666666666,1,0.0,0.9923270588436071,-0.1075073396302617
forestfires.csv,2,1,1,0.0,0.9931377877797736,-0.11121401445205857
forestfires.csv,2,1.3333333333333333,1,0.0,0.9961289468705504,-0.12393432172453209
forestfires.csv,2,1.6666666666666667,1,0.0,0.9877840829396511,-0.08375471431758384
forestfires.csv,2,2,1,0.0,0.9965722392394114,-0.12571001738198712
forestfires.csv,2,2.333333333,1,0.0,0.9879069665957527,-0.08448512192405114
forestfires.csv,2,0.6666666666666666,2,0.0,7134.60460332689,-84.46078281721125
forestfires.csv,2,1,2,0.0,6964.203285747992,-83.44592570351912
forestfires.csv,2,1.3333333333333333,2,0.0,4578.542746999208,67.65768232631419
forestfires.csv,2,1.6666666666666667,2,0.0,5569.746005343064,-74.62415986872013
forestfires.csv,2,2,2,0.0,10568.67831036035,102.79930710432622
forestfires.csv,2,2.333333333,2,0.0,6167.254914162733,-78.52562731320242
forestfires.csv,2,0.6666666666666666,5.0,0.0,NaN,NaN
forestfires.csv,2,1,5.0,0.0,NaN,NaN
forestfires.csv,2,1.3333333333333333,5.0,0.0,NaN,NaN
forestfires.csv,2,1.6666666666666667,5.0,0.0,NaN,NaN
forestfires.csv,2,2,5.0,0.0,NaN,NaN
forestfires.csv,2,2.333333333,5.0,0.0,NaN,NaN
machine.csv,0,0.6666666666666666,1.0E-4,0.0,0.15302913323802841,-0.1156130908621231
machine.csv,0,1,1.0E-4,0.0,0.15266661042465873,-0.11469230339333672
machine.csv,0,1.3333333333333333,1.0E-4,0.0,0.15255148413322292,-0.11435066278908511
machine.csv,0,1.6666666666666667,1.0E-4,0.0,0.1530430696004569,-0.11550465675758567
machine.csv,0,2,1.0E-4,0.0,0.15307484558882595,-0.11629680507754576
machine.csv,0,2.333333333,1.0E-4,0.0,0.15298408214928788,-0.11582100403244959
machine.csv,0,0.6666666666666666,0.001,0.0,0.16776136074296538,-0.175492886370488
machine.csv,0,1,0.001,0.0,0.16784661545759402,-0.1758772077899925
machine.csv,0,1.3333333333333333,0.001,0.0,0.16776496506278996,-0.17553675789491788
machine.csv,0,1.6666666666666667,0.001,0.0,0.16789960744626994,-0.1758933511285289
machine.csv,0,2,0.001,0.0,0.16786940009380555,-0.17587898599091917
machine.csv,0,2.333333333,0.001,0.0,0.1679777509060061,-0.1760917410692418
machine.csv,0,0.6666666666666666,0.01,0.0,0.1668985287507789,-0.17494571489796545
machine.csv,0,1,0.01,0.0,0.16693222147299505,-0.1749608332305158
machine.csv,0,1.3333333333333333,0.01,0.0,0.1668704457308459,-0.17494274440712607
machine.csv,0,1.6666666666666667,0.01,0.0,0.16691879109381325,-0.17496106952224708
machine.csv,0,2,0.01,0.0,0.16690800508920076,-0.17493204560549377
machine.csv,0,2.333333333,0.01,0.0,0.16692868204757966,-0.17496878480510608
machine.csv,0,0.6666666666666666,0.1,0.0,0.1669235528637002,-0.17497554953566263
machine.csv,0,1,0.1,0.0,0.16690347070104666,-0.17491042866200418
machine.csv,0,1.3333333333333333,0.1,0.0,0.1668937961294031,-0.17494445002545284
machine.csv,0,1.6666666666666667,0.1,0.0,0.16689065503183279,-0.17496840462679386
machine.csv,0,2,0.1,0.0,0.16689036315501002,-0.17493072129864154
machine.csv,0,2.333333333,0.1,0.0,0.16689829865802147,-0.1749615795069076
machine.csv,0,0.6666666666666666,0.2,0.0,0.16691204873518775,-0.17496532166173845
machine.csv,0,1,0.2,0.0,0.16689354548048002,-0.17495835953616728
machine.csv,0,1.3333333333333333,0.2,0.0,0.16689112285139093,-0.17495403911864282
machine.csv,0,1.6666666666666667,0.2,0.0,0.16689876239162005,-0.17492827399881555
machine.csv,0,2,0.2,0.0,0.166912580776262,-0.17495905403436213
machine.csv,0,2.333333333,0.2,0.0,0.1669210794567641,-0.17496227374045498
machine.csv,0,0.6666666666666666,0.3,0.0,0.1669000947857671,-0.17494945221163313
machine.csv,0,1,0.3,0.0,0.16690932837428085,-0.1749759704687399
machine.csv,0,1.3333333333333333,0.3,0.0,0.16690232900629498,-0.17494486798131534
machine.csv,0,1.6666666666666667,0.3,0.0,0.16693172966112896,-0.17498751266099652
machine.csv,0,2,0.3,0.0,0.16692349141653232,-0.17499781806466252
machine.csv,0,2.333333333,0.3,0.0,0.16690228087830944,-0.17495918291670998
machine.csv,0,0.6666666666666666,0.4,0.0,0.16693246508444345,-0.17498782212116684
machine.csv,0,1,0.4,0.0,0.16690211980909847,-0.17493164021015015
machine.csv,0,1.3333333333333333,0.4,0.0,0.16691640996047635,-0.17496279797670894
machine.csv,0,1.6666666666666667,0.4,0.0,0.166911348153683,-0.17496184518633764
machine.csv,0,2,0.4,0.0,0.16692317202291984,-0.1749782179306168
machine.csv,0,2.333333333,0.4,0.0,0.1669098664284283,-0.17494525363508298
machine.csv,0,0.6666666666666666,0.5,0.0,0.1669138699327519,-0.17497921471125688
machine.csv,0,1,0.5,0.0,0.16687971414317332,-0.1749376187695173
machine.csv,0,1.3333333333333333,0.5,0.0,0.16689080872298967,-0.17494735216538365
machine.csv,0,1.6666666666666667,0.5,0.0,0.1669106079175073,-0.17496556264756088
machine.csv,0,2,0.5,0.0,0.16690677740263477,-0.1749678081576484
machine.csv,0,2.333333333,0.5,0.0,0.16694658048284813,-0.17497343346360836
machine.csv,0,0.6666666666666666,0.75,0.0,0.16690279844069073,-0.17494773273697184
machine.csv,0,1,0.75,0.0,0.1669163647037226,-0.17499719193490976
machine.csv,0,1.3333333333333333,0.75,0.0,0.16688059971012795,-0.1749511113065618
machine.csv,0,1.6666666666666667,0.75,0.0,0.16692206954143413,-0.17496335247800177
machine.csv,0,2,0.75,0.0,0.16690489846645593,-0.1749718150532465
machine.csv,0,2.333333333,0.75,0.0,0.16690718564238816,-0.17494899505081532
machine.csv,0,0.6666666666666666,1,0.0,0.1669059844625025,-0.174930984018625
machine.csv,0,1,1,0.0,0.1668869567254229,-0.1749130353296752
machine.csv,0,1.3333333333333333,1,0.0,0.16688464341580486,-0.1749059640350677
machine.csv,0,1.6666666666666667,1,0.0,0.16693035993578514,-0.17496587607114003
machine.csv,0,2,1,0.0,0.1668948905745051,-0.17492096370558258
machine.csv,0,2.333333333,1,0.0,0.16690904772449047,-0.1749786131502153
machine.csv,0,0.6666666666666666,2,0.0,NaN,NaN
machine.csv,0,1,2,0.0,NaN,NaN
machine.csv,0,1.3333333333333333,2,0.0,NaN,NaN
machine.csv,0,1.6666666666666667,2,0.0,NaN,NaN
machine.csv,0,2,2,0.0,NaN,NaN
machine.csv,0,2.333333333,2,0.0,NaN,NaN
machine.csv,0,0.6666666666666666,5.0,0.0,NaN,NaN
machine.csv,0,1,5.0,0.0,NaN,NaN
machine.csv,0,1.3333333333333333,5.0,0.0,NaN,NaN
machine.csv,0,1.6666666666666667,5.0,0.0,NaN,NaN
machine.csv,0,2,5.0,0.0,NaN,NaN
machine.csv,0,2.333333333,5.0,0.0,NaN,NaN
machine.csv,1,0.6666666666666666,1.0E-4,0.0,0.2866969327906018,0.15702803004642144
machine.csv,1,1,1.0E-4,0.0,0.3431862300229497,0.1785966932894174
machine.csv,1,1.3333333333333333,1.0E-4,0.0,0.405914855284617,0.20220055060648687
machine.csv,1,1.6666666666666667,1.0E-4,0.0,0.4771335408701145,0.21412137203884768
machine.csv,1,2,1.0E-4,0.0,0.5407662121254616,0.23146563849131627
machine.csv,1,2.333333333,1.0E-4,0.0,0.6032185378236429,0.25012379866537854
machine.csv,1,0.6666666666666666,0.001,0.0,0.13156084672083757,-0.1278952701894349
machine.csv,1,1,0.001,0.0,0.13810536932539302,-0.13221023548319288
machine.csv,1,1.3333333333333333,0.001,0.0,0.13887574348973342,-0.1343948491281106
machine.csv,1,1.6666666666666667,0.001,0.0,0.1395434090590012,-0.1371242913144841
machine.csv,1,2,0.001,0.0,0.13926698526633496,-0.1386522925524676
machine.csv,1,2.333333333,0.001,0.0,0.13834220411421624,-0.13927639829616595
machine.csv,1,0.6666666666666666,0.01,0.0,0.1311562946698086,-0.12745941724379256
machine.csv,1,1,0.01,0.0,0.1380184026480625,-0.13204525248086982
machine.csv,1,1.3333333333333333,0.01,0.0,0.13906348496208754,-0.13440440588118516
machine.csv,1,1.6666666666666667,0.01,0.0,0.13956860109571534,-0.13714782937705172
machine.csv,1,2,0.01,0.0,0.1391306789393345,-0.13856045820991258
machine.csv,1,2.333333333,0.01,0.0,0.13812621539445907,-0.13898772906290527
machine.csv,1,0.6666666666666666,0.1,0.0,0.12925913781975637,-0.12492340396954207
machine.csv,1,1,0.1,0.0,0.1376035847009101,-0.13149555902056598
machine.csv,1,1.3333333333333333,0.1,0.0,0.1383412290438081,-0.13309970842311364
machine.csv,1,1.6666666666666667,0.1,0.0,0.13900034304623649,-0.1352577643573838
machine.csv,1,2,0.1,0.0,0.1381528028511133,-0.13608064508551612
machine.csv,1,2.333333333,0.1,0.0,0.13757364103611744,-0.1369224246658374
machine.csv,1,0.6666666666666666,0.2,0.0,0.12721606655158824,-0.12255814270064296
machine.csv,1,1,0.2,0.0,0.13653279790302814,-0.1299689478554138
machine.csv,1,1.3333333333333333,0.2,0.0,0.13839435666805033,-0.1319724243452963
machine.csv,1,1.6666666666666667,0.2,0.0,0.1377271792114399,-0.132407436388801
machine.csv,1,2,0.2,0.0,0.13853032240249924,-0.13364144238371606
machine.csv,1,2.333333333,0.2,0.0,0.13757851320646092,-0.1328970331590186
machine.csv,1,0.6666666666666666,0.3,0.0,0.125272489769388,-0.12031647922511013
machine.csv,1,1,0.3,0.0,0.13415182429943787,-0.12703544518474078
machine.csv,1,1.3333333333333333,0.3,0.0,0.13656807779767557,-0.12841418285260178
machine.csv,1,1.6666666666666667,0.3,0.0,0.13650927115398298,-0.12811842247809638
machine.csv,1,2,0.3,0.0,0.1355113555392587,-0.12550683870125748
machine.csv,1,2.333333333,0.3,0.0,0.10642877663929812,-0.10459810462472914
machine.csv,1,0.6666666666666666,0.4,0.0,0.1221008434296706,-0.1154002860733684
machine.csv,1,1,0.4,0.0,0.13026416321435202,-0.12270967909125853
machine.csv,1,1.3333333333333333,0.4,0.0,0.1328162937581185,-0.12365858760270802
machine.csv,1,1.6666666666666667,0.4,0.0,0.13218415596860153,-0.12205223940528098
machine.csv,1,2,0.4,0.0,0.11225446275186017,-0.1144701073167012
machine.csv,1,2.333333333,0.4,0.0,0.11533706254734186,-0.1317015732594198
machine.csv,1,0.6666666666666666,0.5,0.0,0.1188262504675111,-0.11206560985690797
machine.csv,1,1,0.5,0.0,0.12437212704548076,-0.11749397890158911
machine.csv,1,1.3333333333333333,0.5,0.0,0.1229876598561149,-0.11319279111593239
machine.csv,1,1.6666666666666667,0.5,0.0,0.10360307354075061,-0.09888687240229806
machine.csv,1,2,0.5,0.0,0.1365289725463551,-0.1739998025449044
machine.csv,1,2.333333333,0.5,0.0,0.15132589276023461,-0.19869563952905517
machine.csv,1,0.6666666666666666,0.75,0.0,0.11352160992382594,-0.10562565621970639
machine.csv,1,1,0.75,0.0,0.11878780653444856,-0.14287623515554587
machine.csv,1,1.3333333333333333,0.75,0.0,0.11180569770701605,-0.13426689979605988
machine.csv,1,1.6666666666666667,0.75,0.0,0.1753069122796974,-0.20616025815986183
machine.csv,1,2,0.75,0.0,0.16721101121514423,-0.19228805673017213
machine.csv,1,2.333333333,0.75,0.0,0.11700570481513381,-0.0931554484428751
machine.csv,1,0.6666666666666666,1,0.0,0.11648500018639525,-0.10899539674292787
machine.csv,1,1,1,0.0,0.09964707621743096,-0.11209005055749541
machine.csv,1,1.3333333333333333,1,0.0,0.12875077549806746,-0.15092027751761036
machine.csv,1,1.6666666666666667,1,0.0,0.13413301807471892,-0.14626413486550574
machine.csv,1,2,1,0.0,0.15749018135171244,-0.1113052456533252
machine.csv,1,2.333333333,1,0.0,1.0304051877412348,0.27923823600854697
machine.csv,1,0.6666666666666666,2,0.0,94285.93409370404,-307.0585967067405
machine.csv,1,1,2,0.0,7494.678892003304,-86.56631273125795
machine.csv,1,1.3333333333333333,2,0.0,535896.6883357334,-732.0489983800521
machine.csv,1,1.6666666666666667,2,0.0,210020.9094305903,458.2793439046081
machine.csv,1,2,2,0.0,30945.435848094352,-175.9104424913415
machine.csv,1,2.333333333,2,0.0,92807.37336033292,-304.641463000985
machine.csv,1,0.6666666666666666,5.0,0.0,NaN,NaN
machine.csv,1,1,5.0,0.0,NaN,NaN
machine.csv,1,1.3333333333333333,5.0,0.0,NaN,NaN
machine.csv,1,1.6666666666666667,5.0,0.0,NaN,NaN
machine.csv,1,2,5.0,0.0,NaN,NaN
machine.csv,1,2.333333333,5.0,0.0,NaN,NaN
machine.csv,2,0.6666666666666666,1.0E-4,0.0,1.026435259847886,0.2721302984398251
machine.csv,2,1,1.0E-4,0.0,1.0229618102204565,0.2656711598203557
machine.csv,2,1.3333333333333333,1.0E-4,0.0,1.0257694230534056,0.2709034029726096
machine.csv,2,1.6666666666666667,1.0E-4,0.0,1.0223025898918607,0.2644272055545948
machine.csv,2,2,1.0E-4,0.0,1.0218216718802566,0.26351619821776073
machine.csv,2,2.333333333,1.0E-4,0.0,1.0325245053271959,0.283096472106935
machine.csv,2,0.6666666666666666,0.001,0.0,1.026243014653367,0.2731821635209328
machine.csv,2,1,0.001,0.0,1.0311319694527046,0.28080243234365615
machine.csv,2,1.3333333333333333,0.001,0.0,1.028752447840817,0.2763716352091427
machine.csv,2,1.6666666666666667,0.001,0.0,1.0285356459110273,0.27596241565833146
machine.csv,2,2,0.001,0.0,1.0269304414268101,0.2730514001935448
machine.csv,2,2.333333333,0.001,0.0,1.0097886451609777,0.23963158201519166
machine.csv,2,0.6666666666666666,0.01,0.0,0.1184002022438669,-0.11554069710951681
machine.csv,2,1,0.01,0.0,0.11649062541431363,-0.12052955786020107
machine.csv,2,1.3333333333333333,0.01,0.0,0.11890888236443915,-0.12735897586828684
machine.csv,2,1.6666666666666667,0.01,0.0,0.12153524259892112,-0.13276032762968598
machine.csv,2,2,0.01,0.0,0.12363615509161911,-0.13675146889318232
machine.csv,2,2.333333333,0.01,0.0,0.12513373767980257,-0.13958955903760817
machine.csv,2,0.6666666666666666,0.1,0.0,0.11920734140915573,-0.11732075406513098
machine.csv,2,1,0.1,0.0,0.11723265997592336,-0.12184776669060665
machine.csv,2,1.3333333333333333,0.1,0.0,0.11812865438720802,-0.12641997473018216
machine.csv,2,1.6666666666666667,0.1,0.0,0.119237546947549,-0.12979433492717732
machine.csv,2,2,0.1,0.0,0.12037514704463727,-0.13262843000997537
machine.csv,2,2.333333333,0.1,0.0,0.12143150962518363,-0.13484691962020984
machine.csv,2,0.6666666666666666,0.2,0.0,0.11820072164113891,-0.11594360191099519
machine.csv,2,1,0.2,0.0,0.11648368007310703,-0.11914212923639532
machine.csv,2,1.3333333333333333,0.2,0.0,0.11723382718646226,-0.12406070642597429
machine.csv,2,1.6666666666666667,0.2,0.0,0.1183029654028189,-0.12771513348093175
machine.csv,2,2,0.2,0.0,0.11937421232442012,-0.1304386331340635
machine.csv,2,2.333333333,0.2,0.0,0.12013162966807009,-0.1322261693868606
machine.csv,2,0.6666666666666666,0.3,0.0,0.12089530668834116,-0.11763690247015798
machine.csv,2,1,0.3,0.0,0.11814231179730049,-0.1197307151699721
machine.csv,2,1.3333333333333333,0.3,0.0,0.11740552791486658,-0.12250674109112834
machine.csv,2,1.6666666666666667,0.3,0.0,0.11857019509117807,-0.1269956628234349
machine.csv,2,2,0.3,0.0,0.11940752320307176,-0.12987849674344876
machine.csv,2,2.333333333,0.3,0.0,0.12025476669393036,-0.1319657580191988
machine.csv,2,0.6666666666666666,0.4,0.0,0.12016938378199063,-0.11556639396693187
machine.csv,2,1,0.4,0.0,0.11783460294767988,-0.11984696877444778
machine.csv,2,1.3333333333333333,0.4,0.0,0.11811512311591243,-0.12369595433096825
machine.csv,2,1.6666666666666667,0.4,0.0,0.11875027693863768,-0.12705562967934197
machine.csv,2,2,0.4,0.0,0.11936110877595213,-0.12980192427139584
machine.csv,2,2.333333333,0.4,0.0,0.1201765376596371,-0.1309912218199253
machine.csv,2,0.6666666666666666,0.5,0.0,0.12137269298340383,-0.11545662295272759
machine.csv,2,1,0.5,0.0,0.11834427961675417,-0.11977208261704417
machine.csv,2,1.3333333333333333,0.5,0.0,0.11866415773955549,-0.12369362818123711
machine.csv,2,1.6666666666666667,0.5,0.0,0.11895592708380352,-0.12642529631027666
machine.csv,2,2,0.5,0.0,0.11955365268866987,-0.12861053100244385
machine.csv,2,2.333333333,0.5,0.0,0.12017863189375667,-0.13209995677830294
machine.csv,2,0.6666666666666666,0.75,0.0,0.12695264326352487,-0.11833731822371969
machine.csv,2,1,0.75,0.0,0.12277568622426907,-0.12193032316143873
machine.csv,2,1.3333333333333333,0.75,0.0,0.12112407883694704,-0.12489933539230069
machine.csv,2,1.6666666666666667,0.75,0.0,0.11952816616172639,-0.1267519273040469
machine.csv,2,2,0.75,0.0,0.12174382182760801,-0.13044111461467528
machine.csv,2,2.333333333,0.75,0.0,0.12127589101753701,-0.13523914066096795
machine.csv,2,0.6666666666666666,1,0.0,0.13905540216206452,-0.12250817625491003
machine.csv,2,1,1,0.0,0.1266626829998097,-0.12212128720385292
machine.csv,2,1.3333333333333333,1,0.0,0.12446057617105614,-0.1247655100436162
machine.csv,2,1.6666666666666667,1,0.0,0.14677333458377068,-0.11471955009539811
machine.csv,2,2,1,0.0,0.15388347641632494,-0.13743841058905854
machine.csv,2,2.333333333,1,0.0,0.9962409995030554,0.20942731368110112
machine.csv,2,0.6666666666666666,2,0.0,330835.254415461,-575.1819729745682
machine.csv,2,1,2,0.0,184235.0597935168,429.22500790799955
machine.csv,2,1.3333333333333333,2,0.0,403726.64066426206,635.3941204349546
machine.csv,2,1.6666666666666667,2,0.0,3309.2445563063575,57.517755305244464
machine.csv,2,2,2,0.0,35550.53113467202,188.5459592704947
machine.csv,2,2.333333333,2,0.0,49580.5172100533,222.66469147375145
machine.csv,2,0.6666666666666666,5.0,0.0,NaN,NaN
machine.csv,2,1,5.0,0.0,NaN,NaN
machine.csv,2,1.3333333333333333,5.0,0.0,NaN,NaN
machine.csv,2,1.6666666666666667,5.0,0.0,NaN,NaN
machine.csv,2,2,5.0,0.0,NaN,NaN
machine.csv,2,2.333333333,5.0,0.0,NaN,NaN
winequality-red.csv,0,0.6666666666666666,1.0E-4,0.0,0.7632283782684921,-0.003934314520875091
winequality-red.csv,0,1,1.0E-4,0.0,0.7632394481433952,-0.005249739839367501
winequality-red.csv,0,1.3333333333333333,1.0E-4,0.0,0.7632612040911899,-0.005117708262876027
winequality-red.csv,0,1.6666666666666667,1.0E-4,0.0,0.7631896634993444,-0.003999526280473123
winequality-red.csv,0,2,1.0E-4,0.0,0.7632758640712833,-0.004646542114629789
winequality-red.csv,0,2.333333333,1.0E-4,0.0,0.7632596009695654,-0.004107802796982728
winequality-red.csv,0,0.6666666666666666,0.001,0.0,0.72073424754476,-0.029690814625883976
winequality-red.csv,0,1,0.001,0.0,0.7208497782167692,-0.03155852796336297
winequality-red.csv,0,1.3333333333333333,0.001,0.0,0.720778718389211,-0.030626255949534643
winequality-red.csv,0,1.6666666666666667,0.001,0.0,0.7207013893359088,-0.028870968664827995
winequality-red.csv,0,2,0.001,0.0,0.7206881654371227,-0.029420598846271313
winequality-red.csv,0,2.333333333,0.001,0.0,0.7205796351818936,-0.027858210303076513
winequality-red.csv,0,0.6666666666666666,0.01,0.0,0.7173417565672204,-0.02537710729441379
winequality-red.csv,0,1,0.01,0.0,0.7180493084005836,-0.02891351250879451
winequality-red.csv,0,1.3333333333333333,0.01,0.0,0.7177967200259109,-0.03013106878469813
winequality-red.csv,0,1.6666666666666667,0.01,0.0,0.7182030335443064,-0.03359519703514456
winequality-red.csv,0,2,0.01,0.0,0.71790090776539,-0.024711082793162593
winequality-red.csv,0,2.333333333,0.01,0.0,0.7180544100207565,-0.03176734395863622
winequality-red.csv,0,0.6666666666666666,0.1,0.0,0.7183904371360612,-0.0369485435462243
winequality-red.csv,0,1,0.1,0.0,0.7170131475090378,-0.02577011847152418
winequality-red.csv,0,1.3333333333333333,0.1,0.0,0.720326125711387,-0.0591171278137819
winequality-red.csv,0,1.6666666666666667,0.1,0.0,0.7180952376670559,-0.02678216298646468
winequality-red.csv,0,2,0.1,0.0,0.7188216435344982,-0.03898507237980309
winequality-red.csv,0,2.333333333,0.1,0.0,0.7200864715326621,-0.05246036366935551
winequality-red.csv,0,0.6666666666666666,0.2,0.0,0.7189858082092716,-0.03224979058830204
winequality-red.csv,0,1,0.2,0.0,0.7168565453453114,-0.015660327437588085
winequality-red.csv,0,1.3333333333333333,0.2,0.0,0.7172575311329978,-0.030817979134656864
winequality-red.csv,0,1.6666666666666667,0.2,0.0,0.7217066347342778,-0.0731891489938176
winequality-red.csv,0,2,0.2,0.0,0.7179812287618406,-0.04056525281456581
winequality-red.csv,0,2.333333333,0.2,0.0,0.7196828715226283,0.047437698560050555
winequality-red.csv,0,0.6666666666666666,0.3,0.0,0.7175896715681893,-0.005575546560097046
winequality-red.csv,0,1,0.3,0.0,0.717201833081753,0.002453346920615064
winequality-red.csv,0,1.3333333333333333,0.3,0.0,0.7204046922683632,-0.0628550745626984
winequality-red.csv,0,1.6666666666666667,0.3,0.0,0.7179945238893943,-0.03740112063767613
winequality-red.csv,0,2,0.3,0.0,0.728127155027568,-0.10974915967422712
winequality-red.csv,0,2.333333333,0.3,0.0,0.7181092483837538,0.031740074089220735
winequality-red.csv,0,0.6666666666666666,0.4,0.0,0.7165870967058965,0.020578187248258228
winequality-red.csv,0,1,0.4,0.0,0.7178013808757587,0.0017472542098358108
winequality-red.csv,0,1.3333333333333333,0.4,0.0,0.717490108850128,0.035497099194268335
winequality-red.csv,0,1.6666666666666667,0.4,0.0,0.7176721070474334,0.021495204844945645
winequality-red.csv,0,2,0.4,0.0,0.7174008046413811,-0.005592254699940646
winequality-red.csv,0,2.333333333,0.4,0.0,0.7336254276806052,-0.12751192726736948
winequality-red.csv,0,0.6666666666666666,0.5,0.0,0.7389922805427821,-0.1430326737040707
winequality-red.csv,0,1,0.5,0.0,0.7157946749665453,-0.01297167668028806
winequality-red.csv,0,1.3333333333333333,0.5,0.0,0.7245430035884122,-0.0847880414824997
winequality-red.csv,0,1.6666666666666667,0.5,0.0,0.716941582759014,-0.011627469090015429
winequality-red.csv,0,2,0.5,0.0,0.7313235692858503,-0.11894587851242244
winequality-red.csv,0,2.333333333,0.5,0.0,0.7220920610612416,-0.06558319140991761
winequality-red.csv,0,0.6666666666666666,0.75,0.0,0.7227760528239354,-0.07027296763441579
winequality-red.csv,0,1,0.75,0.0,0.7438404957472926,0.159484091566859
winequality-red.csv,0,1.3333333333333333,0.75,0.0,0.750806205991347,-0.18392866110547443
winequality-red.csv,0,1.6666666666666667,0.75,0.0,0.7182429686822437,0.004261034133240393
winequality-red.csv,0,2,0.75,0.0,0.7496992072253792,-0.18138473328987872
winequality-red.csv,0,2.333333333,0.75,0.0,0.7181734280787924,0.025721811254800275
winequality-red.csv,0,0.6666666666666666,1,0.0,1.0993613758913707,-0.6171838030082589
winequality-red.csv,0,1,1,0.0,0.715390031192958,0.012337158375499
winequality-red.csv,0,1.3333333333333333,1,0.0,0.7146275061241989,0.034427850102117144
winequality-red.csv,0,1.6666666666666667,1,0.0,0.7880091069720618,-0.26370411585617004
winequality-red.csv,0,2,1,0.0,0.7240524301177779,0.07474814354292583
winequality-red.csv,0,2.333333333,1,0.0,0.7210824969140985,-0.036881310276526
winequality-red.csv,0,0.6666666666666666,2,0.0,NaN,NaN
winequality-red.csv,0,1,2,0.0,NaN,NaN
winequality-red.csv,0,1.3333333333333333,2,0.0,NaN,NaN
winequality-red.csv,0,1.6666666666666667,2,0.0,NaN,NaN
winequality-red.csv,0,2,2,0.0,NaN,NaN
winequality-red.csv,0,2.333333333,2,0.0,NaN,NaN
winequality-red.csv,0,0.6666666666666666,5.0,0.0,NaN,NaN
winequality-red.csv,0,1,5.0,0.0,NaN,NaN
winequality-red.csv,0,1.3333333333333333,5.0,0.0,NaN,NaN
winequality-red.csv,0,1.6666666666666667,5.0,0.0,NaN,NaN
winequality-red.csv,0,2,5.0,0.0,NaN,NaN
winequality-red.csv,0,2.333333333,5.0,0.0,NaN,NaN
winequality-red.csv,1,0.6666666666666666,1.0E-4,0.0,0.7907512657969191,0.020216459913450842
winequality-red.csv,1,1,1.0E-4,0.0,0.8102477213352719,0.031774273954161054
winequality-red.csv,1,1.3333333333333333,1.0E-4,0.0,0.8251696812033632,0.04085459488391347
winequality-red.csv,1,1.6666666666666667,1.0E-4,0.0,0.8434601084632778,0.04733087303293426
winequality-red.csv,1,2,1.0E-4,0.0,0.8593013371223487,0.05201563786670908
winequality-red.csv,1,2.333333333,1.0E-4,0.0,0.8695403907544549,0.052649488169288494
winequality-red.csv,1,0.6666666666666666,0.001,0.0,0.7168170213082388,-0.028174261301036126
winequality-red.csv,1,1,0.001,0.0,0.7168541427818186,-0.028148590277467616
winequality-red.csv,1,1.3333333333333333,0.001,0.0,0.7171108633810962,-0.03210423628305578
winequality-red.csv,1,1.6666666666666667,0.001,0.0,0.7178411702538955,-0.03921682407528742
winequality-red.csv,1,2,0.001,0.0,0.7173332176383721,-0.027683240148372527
winequality-red.csv,1,2.333333333,0.001,0.0,0.7177607169663383,-0.030440269183869235
winequality-red.csv,1,0.6666666666666666,0.01,0.0,0.6877303088149077,-0.02922412023554181
winequality-red.csv,1,1,0.01,0.0,0.6973750413180244,-0.03354417398379834
winequality-red.csv,1,1.3333333333333333,0.01,0.0,0.6877576037454105,-0.031021235040585803
winequality-red.csv,1,1.6666666666666667,0.01,0.0,0.6614663391511385,-0.035800057577133254
winequality-red.csv,1,2,0.01,0.0,0.6499306303233052,-0.02685733316036793
winequality-red.csv,1,2.333333333,0.01,0.0,0.6475976272074231,-0.04973776680350993
winequality-red.csv,1,0.6666666666666666,0.1,0.0,0.6654984165288662,-0.10301478486787788
winequality-red.csv,1,1,0.1,0.0,0.708673190461411,-0.050881659308691596
winequality-red.csv,1,1.3333333333333333,0.1,0.0,0.6105019229476819,-0.11446443605898689
winequality-red.csv,1,1.6666666666666667,0.1,0.0,0.7143915986320198,0.059927869241069465
winequality-red.csv,1,2,0.1,0.0,0.6542229544397078,-0.06458184032941684
winequality-red.csv,1,2.333333333,0.1,0.0,0.6585660690104486,0.009636637854710946
winequality-red.csv,1,0.6666666666666666,0.2,0.0,0.6326462823106013,-0.10377889539476914
winequality-red.csv,1,1,0.2,0.0,0.5773138873107577,-0.022245835389364782
winequality-red.csv,1,1.3333333333333333,0.2,0.0,0.719482516745966,0.09019516764271154
winequality-red.csv,1,1.6666666666666667,0.2,0.0,0.6489107382764482,-0.06639082115612004
winequality-red.csv,1,2,0.2,0.0,0.8265553577890536,0.021366355938539937
winequality-red.csv,1,2.333333333,0.2,0.0,0.5925900254278413,-0.010671323252653834
winequality-red.csv,1,0.6666666666666666,0.3,0.0,0.6739647169664786,-0.009530434563579625
winequality-red.csv,1,1,0.3,0.0,0.6235671267345877,0.010451120809490542
winequality-red.csv,1,1.3333333333333333,0.3,0.0,0.7454189499257324,-0.09094106268689385
winequality-red.csv,1,1.6666666666666667,0.3,0.0,0.7663936606943899,0.16728107037259404
winequality-red.csv,1,2,0.3,0.0,0.6630002564930756,-0.06096499612277075
winequality-red.csv,1,2.333333333,0.3,0.0,0.6812988230972729,0.023559332788010163
winequality-red.csv,1,0.6666666666666666,0.4,0.0,0.77253566439103,0.06080020636339053
winequality-red.csv,1,1,0.4,0.0,0.6586575452834128,0.0864127124957558
winequality-red.csv,1,1.3333333333333333,0.4,0.0,0.6295640355737115,-0.18146826756773918
winequality-red.csv,1,1.6666666666666667,0.4,0.0,0.6801471594583585,-0.11080251780138192
winequality-red.csv,1,2,0.4,0.0,0.8679924189270525,-0.0529820681311872
winequality-red.csv,1,2.333333333,0.4,0.0,0.6192280825461315,-0.037419273415027335
winequality-red.csv,1,0.6666666666666666,0.5,0.0,0.7411705267946415,-0.2147997859112928
winequality-red.csv,1,1,0.5,0.0,1.012064356605997,-0.1253411012098498
winequality-red.csv,1,1.3333333333333333,0.5,0.0,NaN,NaN
winequality-red.csv,1,1.6666666666666667,0.5,0.0,0.6874157403437963,-0.17568939611013146
winequality-red.csv,1,2,0.5,0.0,0.6172556056360101,0.031047659489217054
winequality-red.csv,1,2.333333333,0.5,0.0,0.6307431927526788,0.004777364520406969
winequality-red.csv,1,0.6666666666666666,0.75,0.0,0.6888808392156806,0.009850873267348284
winequality-red.csv,1,1,0.75,0.0,0.6588250217672009,0.10335639732310158
winequality-red.csv,1,1.3333333333333333,0.75,0.0,0.8474871080700517,-0.31962815898305463
winequality-red.csv,1,1.6666666666666667,0.75,0.0,0.6813998810565166,0.06933530759142119
winequality-red.csv,1,2,0.75,0.0,0.7249115758709714,-0.20095800692994947
winequality-red.csv,1,2.333333333,0.75,0.0,0.7840501200545257,-0.11856551727562574
winequality-red.csv,1,0.6666666666666666,1,0.0,0.9038563790166512,-0.3341293426697305
winequality-red.csv,1,1,1,0.0,0.7332475291832264,0.025108894406402443
winequality-red.csv,1,1.3333333333333333,1,0.0,1.0029044477105629,0.09569415200600721
winequality-red.csv,1,1.6666666666666667,1,0.0,1.0554975961252608,0.24849156953044343
winequality-red.csv,1,2,1,0.0,1.0005088838132212,0.08221263628942868
winequality-red.csv,1,2.333333333,1,0.0,1.0189074689699376,0.15861106841890044
winequality-red.csv,1,0.6666666666666666,2,0.0,1.8549216039185974,0.9279933210527964
winequality-red.csv,1,1,2,0.0,4006.7967137077794,-63.29141303295228
winequality-red.csv,1,1.3333333333333333,2,0.0,754.8119671923042,-27.45575016626397
winequality-red.csv,1,1.6666666666666667,2,0.0,36745.453840629176,-191.6884453758996
winequality-red.csv,1,2,2,0.0,10365.604062445183,-101.80673019228735
winequality-red.csv,1,2.333333333,2,0.0,1824.7798494914944,-42.705808732437035
winequality-red.csv,1,0.6666666666666666,5.0,0.0,NaN,NaN
winequality-red.csv,1,1,5.0,0.0,NaN,NaN
winequality-red.csv,1,1.3333333333333333,5.0,0.0,NaN,NaN
winequality-red.csv,1,1.6666666666666667,5.0,0.0,NaN,NaN
winequality-red.csv,1,2,5.0,0.0,NaN,NaN
winequality-red.csv,1,2.333333333,5.0,0.0,NaN,NaN
winequality-red.csv,2,0.6666666666666666,1.0E-4,0.0,0.9912044718901918,0.06205932260449685
winequality-red.csv,2,1,1.0E-4,0.0,0.9938903239153969,0.060061112315230404
winequality-red.csv,2,1.3333333333333333,1.0E-4,0.0,0.9953462714692357,0.06248063003261872
winequality-red.csv,2,1.6666666666666667,1.0E-4,0.0,0.9958228774798501,0.05912942796421159
winequality-red.csv,2,2,1.0E-4,0.0,0.9965254467292549,0.060919122781409075
winequality-red.csv,2,2.333333333,1.0E-4,0.0,0.9967431034919698,0.060810729979525635
winequality-red.csv,2,0.6666666666666666,0.001,0.0,0.7171013924081721,-0.03234495159126482
winequality-red.csv,2,1,0.001,0.0,0.7184915143797291,-0.03331731085325233
winequality-red.csv,2,1.3333333333333333,0.001,0.0,0.7201576985654695,-0.03359291334527954
winequality-red.csv,2,1.6666666666666667,0.001,0.0,0.7227193363253599,-0.033289754937097044
winequality-red.csv,2,2,0.001,0.0,0.7260819415877655,-0.03876531268746353
winequality-red.csv,2,2.333333333,0.001,0.0,0.7283990418460429,-0.03727097646731954
winequality-red.csv,2,0.6666666666666666,0.01,0.0,0.6629934161559191,-0.01117211783802131
winequality-red.csv,2,1,0.01,0.0,0.6483250602823389,-0.021362871180215265
winequality-red.csv,2,1.3333333333333333,0.01,0.0,0.647831954225832,-0.051203455547102
winequality-red.csv,2,1.6666666666666667,0.01,0.0,0.6421152682518626,-0.0029582100972410257
winequality-red.csv,2,2,0.01,0.0,0.6388169851851314,-0.040948924752380086
winequality-red.csv,2,2.333333333,0.01,0.0,0.6332467472907871,-0.034583095885868186
winequality-red.csv,2,0.6666666666666666,0.1,0.0,0.6436586798632564,-0.04479187058743983
winequality-red.csv,2,1,0.1,0.0,0.6534885327166378,-0.08995746590134046
winequality-red.csv,2,1.3333333333333333,0.1,0.0,0.6819268587234947,0.08534867549587004
winequality-red.csv,2,1.6666666666666667,0.1,0.0,0.66463769471519,-0.0365891733476544
winequality-red.csv,2,2,0.1,0.0,0.6576034645303336,-0.04319949928908625
winequality-red.csv,2,2.333333333,0.1,0.0,0.7316561419420465,-0.030662358690788594
winequality-red.csv,2,0.6666666666666666,0.2,0.0,0.7080005472716756,-0.19809996743863773
winequality-red.csv,2,1,0.2,0.0,0.7180900062252451,0.12206911530150685
winequality-red.csv,2,1.3333333333333333,0.2,0.0,0.6813575775734637,-0.05504415707688472
winequality-red.csv,2,1.6666666666666667,0.2,0.0,0.7234424370740828,-0.10326332082114649
winequality-red.csv,2,2,0.2,0.0,0.9581380775401248,0.0172276948967029
winequality-red.csv,2,2.333333333,0.2,0.0,0.7681387618758919,0.0550476677968564
winequality-red.csv,2,0.6666666666666666,0.3,0.0,0.7088621490755977,-0.053389144803798194
winequality-red.csv,2,1,0.3,0.0,0.7913141158146373,-0.16347944423874922
winequality-red.csv,2,1.3333333333333333,0.3,0.0,0.6896680238443407,0.06057912973572388
winequality-red.csv,2,1.6666666666666667,0.3,0.0,0.764260757934643,-0.050041780737364115
winequality-red.csv,2,2,0.3,0.0,0.662435252557503,-0.01706797501036974
winequality-red.csv,2,2.333333333,0.3,0.0,0.7540899115393163,0.06819333967569877
winequality-red.csv,2,0.6666666666666666,0.4,0.0,0.6573705660571443,-2.4512463119153794E-4
winequality-red.csv,2,1,0.4,0.0,0.7889621477105028,0.03724304244902695
winequality-red.csv,2,1.3333333333333333,0.4,0.0,0.6331980197562828,-0.10463872970098631
winequality-red.csv,2,1.6666666666666667,0.4,0.0,0.7091751043159336,0.013907669915155777
winequality-red.csv,2,2,0.4,0.0,0.9201759189822614,-0.04665021653649999
winequality-red.csv,2,2.333333333,0.4,0.0,1.0448815919093153,0.3772199999178018
winequality-red.csv,2,0.6666666666666666,0.5,0.0,0.6852834819105024,-0.001914917414060336
winequality-red.csv,2,1,0.5,0.0,0.7373190342601553,-0.10588800524298696
winequality-red.csv,2,1.3333333333333333,0.5,0.0,0.816725289862435,-0.05757897506478947
winequality-red.csv,2,1.6666666666666667,0.5,0.0,1.1104253364287349,0.07258366472205771
winequality-red.csv,2,2,0.5,0.0,0.7672043222416963,0.008996382593139587
winequality-red.csv,2,2.333333333,0.5,0.0,NaN,NaN
winequality-red.csv,2,0.6666666666666666,0.75,0.0,0.7957773704316311,-0.27816278665248345
winequality-red.csv,2,1,0.75,0.0,0.7162110403386989,-0.10560044962706136
winequality-red.csv,2,1.3333333333333333,0.75,0.0,0.7465048988316176,-0.16915439396981574
winequality-red.csv,2,1.6666666666666667,0.75,0.0,0.9953314572114269,0.039767539723648916
winequality-red.csv,2,2,0.75,0.0,0.9985635904043594,0.0693800432715297
winequality-red.csv,2,2.333333333,0.75,0.0,1.0032828274016539,0.09763619923806131
winequality-red.csv,2,0.6666666666666666,1,0.0,NaN,NaN
winequality-red.csv,2,1,1,0.0,0.9970106648514381,-0.0571022315901625
winequality-red.csv,2,1.3333333333333333,1,0.0,0.9991118352705133,0.0732245537406283
winequality-red.csv,2,1.6666666666666667,1,0.0,0.9997901778048288,0.07771858082098938
winequality-red.csv,2,2,1,0.0,0.9938562584639046,0.010308174615577651
winequality-red.csv,2,2.333333333,1,0.0,0.9939691051750481,0.014802201695938249
winequality-red.csv,2,0.6666666666666666,2,0.0,707.1878517597303,26.57431281820332
winequality-red.csv,2,1,2,0.0,3348.10872483848,-57.85425632430588
winequality-red.csv,2,1.3333333333333333,2,0.0,4652.527202194522,-68.20215137511812
winequality-red.csv,2,1.6666666666666667,2,0.0,30.819132814725457,-5.4612620166702746
winequality-red.csv,2,2,2,0.0,28464.97694557194,168.71272386981371
winequality-red.csv,2,2.333333333,2,0.0,8030.828257359273,-89.60934386189453
winequality-red.csv,2,0.6666666666666666,5.0,0.0,NaN,NaN
winequality-red.csv,2,1,5.0,0.0,NaN,NaN
winequality-red.csv,2,1.3333333333333333,5.0,0.0,NaN,NaN
winequality-red.csv,2,1.6666666666666667,5.0,0.0,NaN,NaN
winequality-red.csv,2,2,5.0,0.0,NaN,NaN
winequality-red.csv,2,2.333333333,5.0,0.0,NaN,NaN
